solid OpenSCAD_Model
  facet normal -0.957093 -0.289781 0
    outer loop
      vertex -167.548 -79.5123 0
      vertex -167.69 -79.0433 4
      vertex -167.69 -79.0433 0
    endloop
  endfacet
  facet normal -0.957093 -0.289781 0
    outer loop
      vertex -167.69 -79.0433 4
      vertex -167.548 -79.5123 0
      vertex -167.548 -79.5123 4
    endloop
  endfacet
  facet normal -0.995192 -0.0979479 0
    outer loop
      vertex -167.5 -80 0
      vertex -167.548 -79.5123 4
      vertex -167.548 -79.5123 0
    endloop
  endfacet
  facet normal -0.995192 -0.0979479 0
    outer loop
      vertex -167.548 -79.5123 4
      vertex -167.5 -80 0
      vertex -167.5 -80 4
    endloop
  endfacet
  facet normal -0.881935 -0.471372 0
    outer loop
      vertex -167.69 -79.0433 0
      vertex -167.921 -78.6111 4
      vertex -167.921 -78.6111 0
    endloop
  endfacet
  facet normal -0.881935 -0.471372 0
    outer loop
      vertex -167.921 -78.6111 4
      vertex -167.69 -79.0433 0
      vertex -167.69 -79.0433 4
    endloop
  endfacet
  facet normal 0.634226 -0.773148 0
    outer loop
      vertex -171.768 -78.2322 0
      vertex -171.389 -77.9213 4
      vertex -171.768 -78.2322 4
    endloop
  endfacet
  facet normal 0.634226 -0.773148 0
    outer loop
      vertex -171.389 -77.9213 4
      vertex -171.768 -78.2322 0
      vertex -171.389 -77.9213 0
    endloop
  endfacet
  facet normal -0.995192 0.0979479 0
    outer loop
      vertex -167.548 -80.4877 0
      vertex -167.5 -80 4
      vertex -167.5 -80 0
    endloop
  endfacet
  facet normal -0.995192 0.0979479 0
    outer loop
      vertex -167.5 -80 4
      vertex -167.548 -80.4877 0
      vertex -167.548 -80.4877 4
    endloop
  endfacet
  facet normal -0.290341 -0.956923 0
    outer loop
      vertex -169.512 -77.548 0
      vertex -169.043 -77.6903 4
      vertex -169.512 -77.548 4
    endloop
  endfacet
  facet normal -0.290341 -0.956923 -0
    outer loop
      vertex -169.043 -77.6903 4
      vertex -169.512 -77.548 0
      vertex -169.043 -77.6903 0
    endloop
  endfacet
  facet normal 0.995192 -0.0979479 0
    outer loop
      vertex -172.5 -80 4
      vertex -172.452 -79.5123 0
      vertex -172.452 -79.5123 4
    endloop
  endfacet
  facet normal 0.995192 -0.0979479 0
    outer loop
      vertex -172.452 -79.5123 0
      vertex -172.5 -80 4
      vertex -172.5 -80 0
    endloop
  endfacet
  facet normal -0.0978883 -0.995197 0
    outer loop
      vertex -170 -77.5 0
      vertex -169.512 -77.548 4
      vertex -170 -77.5 4
    endloop
  endfacet
  facet normal -0.0978883 -0.995197 -0
    outer loop
      vertex -169.512 -77.548 4
      vertex -170 -77.5 0
      vertex -169.512 -77.548 0
    endloop
  endfacet
  facet normal -0.471542 -0.881844 0
    outer loop
      vertex -169.043 -77.6903 0
      vertex -168.611 -77.9213 4
      vertex -169.043 -77.6903 4
    endloop
  endfacet
  facet normal -0.471542 -0.881844 -0
    outer loop
      vertex -168.611 -77.9213 4
      vertex -169.043 -77.6903 0
      vertex -168.611 -77.9213 0
    endloop
  endfacet
  facet normal 0.772966 -0.634448 0
    outer loop
      vertex -172.079 -78.6111 4
      vertex -171.768 -78.2322 0
      vertex -171.768 -78.2322 4
    endloop
  endfacet
  facet normal 0.772966 -0.634448 0
    outer loop
      vertex -171.768 -78.2322 0
      vertex -172.079 -78.6111 4
      vertex -172.079 -78.6111 0
    endloop
  endfacet
  facet normal -0.772966 0.634448 0
    outer loop
      vertex -168.232 -81.7678 0
      vertex -167.921 -81.3889 4
      vertex -167.921 -81.3889 0
    endloop
  endfacet
  facet normal -0.772966 0.634448 0
    outer loop
      vertex -167.921 -81.3889 4
      vertex -168.232 -81.7678 0
      vertex -168.232 -81.7678 4
    endloop
  endfacet
  facet normal -0.772966 -0.634448 0
    outer loop
      vertex -167.921 -78.6111 0
      vertex -168.232 -78.2322 4
      vertex -168.232 -78.2322 0
    endloop
  endfacet
  facet normal -0.772966 -0.634448 0
    outer loop
      vertex -168.232 -78.2322 4
      vertex -167.921 -78.6111 0
      vertex -167.921 -78.6111 4
    endloop
  endfacet
  facet normal 0.957093 -0.289781 0
    outer loop
      vertex -172.452 -79.5123 4
      vertex -172.31 -79.0433 0
      vertex -172.31 -79.0433 4
    endloop
  endfacet
  facet normal 0.957093 -0.289781 0
    outer loop
      vertex -172.31 -79.0433 0
      vertex -172.452 -79.5123 4
      vertex -172.452 -79.5123 0
    endloop
  endfacet
  facet normal -0.634226 0.773148 0
    outer loop
      vertex -168.232 -81.7678 0
      vertex -168.611 -82.0787 4
      vertex -168.232 -81.7678 4
    endloop
  endfacet
  facet normal -0.634226 0.773148 0
    outer loop
      vertex -168.611 -82.0787 4
      vertex -168.232 -81.7678 0
      vertex -168.611 -82.0787 0
    endloop
  endfacet
  facet normal 0.957093 0.289781 0
    outer loop
      vertex -172.31 -80.9567 4
      vertex -172.452 -80.4877 0
      vertex -172.452 -80.4877 4
    endloop
  endfacet
  facet normal 0.957093 0.289781 0
    outer loop
      vertex -172.452 -80.4877 0
      vertex -172.31 -80.9567 4
      vertex -172.31 -80.9567 0
    endloop
  endfacet
  facet normal -0.957093 0.289781 0
    outer loop
      vertex -167.69 -80.9567 0
      vertex -167.548 -80.4877 4
      vertex -167.548 -80.4877 0
    endloop
  endfacet
  facet normal -0.957093 0.289781 0
    outer loop
      vertex -167.548 -80.4877 4
      vertex -167.69 -80.9567 0
      vertex -167.69 -80.9567 4
    endloop
  endfacet
  facet normal -0.471542 0.881844 0
    outer loop
      vertex -168.611 -82.0787 0
      vertex -169.043 -82.3097 4
      vertex -168.611 -82.0787 4
    endloop
  endfacet
  facet normal -0.471542 0.881844 0
    outer loop
      vertex -169.043 -82.3097 4
      vertex -168.611 -82.0787 0
      vertex -169.043 -82.3097 0
    endloop
  endfacet
  facet normal -0.881935 0.471372 0
    outer loop
      vertex -167.921 -81.3889 0
      vertex -167.69 -80.9567 4
      vertex -167.69 -80.9567 0
    endloop
  endfacet
  facet normal -0.881935 0.471372 0
    outer loop
      vertex -167.69 -80.9567 4
      vertex -167.921 -81.3889 0
      vertex -167.921 -81.3889 4
    endloop
  endfacet
  facet normal 0.0978883 -0.995197 0
    outer loop
      vertex -170.488 -77.548 0
      vertex -170 -77.5 4
      vertex -170.488 -77.548 4
    endloop
  endfacet
  facet normal 0.0978883 -0.995197 0
    outer loop
      vertex -170 -77.5 4
      vertex -170.488 -77.548 0
      vertex -170 -77.5 0
    endloop
  endfacet
  facet normal -0.290341 0.956923 0
    outer loop
      vertex -169.043 -82.3097 0
      vertex -169.512 -82.452 4
      vertex -169.043 -82.3097 4
    endloop
  endfacet
  facet normal -0.290341 0.956923 0
    outer loop
      vertex -169.512 -82.452 4
      vertex -169.043 -82.3097 0
      vertex -169.512 -82.452 0
    endloop
  endfacet
  facet normal 0.881935 -0.471372 0
    outer loop
      vertex -172.31 -79.0433 4
      vertex -172.079 -78.6111 0
      vertex -172.079 -78.6111 4
    endloop
  endfacet
  facet normal 0.881935 -0.471372 0
    outer loop
      vertex -172.079 -78.6111 0
      vertex -172.31 -79.0433 4
      vertex -172.31 -79.0433 0
    endloop
  endfacet
  facet normal 0.290341 -0.956923 0
    outer loop
      vertex -170.957 -77.6903 0
      vertex -170.488 -77.548 4
      vertex -170.957 -77.6903 4
    endloop
  endfacet
  facet normal 0.290341 -0.956923 0
    outer loop
      vertex -170.488 -77.548 4
      vertex -170.957 -77.6903 0
      vertex -170.488 -77.548 0
    endloop
  endfacet
  facet normal 0.471542 -0.881844 0
    outer loop
      vertex -171.389 -77.9213 0
      vertex -170.957 -77.6903 4
      vertex -171.389 -77.9213 4
    endloop
  endfacet
  facet normal 0.471542 -0.881844 0
    outer loop
      vertex -170.957 -77.6903 4
      vertex -171.389 -77.9213 0
      vertex -170.957 -77.6903 0
    endloop
  endfacet
  facet normal -0.0978883 0.995197 0
    outer loop
      vertex -169.512 -82.452 0
      vertex -170 -82.5 4
      vertex -169.512 -82.452 4
    endloop
  endfacet
  facet normal -0.0978883 0.995197 0
    outer loop
      vertex -170 -82.5 4
      vertex -169.512 -82.452 0
      vertex -170 -82.5 0
    endloop
  endfacet
  facet normal -0.634226 -0.773148 0
    outer loop
      vertex -168.611 -77.9213 0
      vertex -168.232 -78.2322 4
      vertex -168.611 -77.9213 4
    endloop
  endfacet
  facet normal -0.634226 -0.773148 -0
    outer loop
      vertex -168.232 -78.2322 4
      vertex -168.611 -77.9213 0
      vertex -168.232 -78.2322 0
    endloop
  endfacet
  facet normal 0.995192 0.0979479 0
    outer loop
      vertex -172.452 -80.4877 4
      vertex -172.5 -80 0
      vertex -172.5 -80 4
    endloop
  endfacet
  facet normal 0.995192 0.0979479 0
    outer loop
      vertex -172.5 -80 0
      vertex -172.452 -80.4877 4
      vertex -172.452 -80.4877 0
    endloop
  endfacet
  facet normal 0.881935 0.471372 0
    outer loop
      vertex -172.079 -81.3889 4
      vertex -172.31 -80.9567 0
      vertex -172.31 -80.9567 4
    endloop
  endfacet
  facet normal 0.881935 0.471372 0
    outer loop
      vertex -172.31 -80.9567 0
      vertex -172.079 -81.3889 4
      vertex -172.079 -81.3889 0
    endloop
  endfacet
  facet normal 0.634226 0.773148 -0
    outer loop
      vertex -171.389 -82.0787 0
      vertex -171.768 -81.7678 4
      vertex -171.389 -82.0787 4
    endloop
  endfacet
  facet normal 0.634226 0.773148 0
    outer loop
      vertex -171.768 -81.7678 4
      vertex -171.389 -82.0787 0
      vertex -171.768 -81.7678 0
    endloop
  endfacet
  facet normal 0.772966 0.634448 0
    outer loop
      vertex -171.768 -81.7678 4
      vertex -172.079 -81.3889 0
      vertex -172.079 -81.3889 4
    endloop
  endfacet
  facet normal 0.772966 0.634448 0
    outer loop
      vertex -172.079 -81.3889 0
      vertex -171.768 -81.7678 4
      vertex -171.768 -81.7678 0
    endloop
  endfacet
  facet normal 0.471542 0.881844 -0
    outer loop
      vertex -170.957 -82.3097 0
      vertex -171.389 -82.0787 4
      vertex -170.957 -82.3097 4
    endloop
  endfacet
  facet normal 0.471542 0.881844 0
    outer loop
      vertex -171.389 -82.0787 4
      vertex -170.957 -82.3097 0
      vertex -171.389 -82.0787 0
    endloop
  endfacet
  facet normal 0.0978883 0.995197 -0
    outer loop
      vertex -170 -82.5 0
      vertex -170.488 -82.452 4
      vertex -170 -82.5 4
    endloop
  endfacet
  facet normal 0.0978883 0.995197 0
    outer loop
      vertex -170.488 -82.452 4
      vertex -170 -82.5 0
      vertex -170.488 -82.452 0
    endloop
  endfacet
  facet normal 0.290341 0.956923 -0
    outer loop
      vertex -170.488 -82.452 0
      vertex -170.957 -82.3097 4
      vertex -170.488 -82.452 4
    endloop
  endfacet
  facet normal 0.290341 0.956923 0
    outer loop
      vertex -170.957 -82.3097 4
      vertex -170.488 -82.452 0
      vertex -170.957 -82.3097 0
    endloop
  endfacet
  facet normal -0.471542 -0.881844 0
    outer loop
      vertex -169.043 82.3097 0
      vertex -168.611 82.0787 4
      vertex -169.043 82.3097 4
    endloop
  endfacet
  facet normal -0.471542 -0.881844 -0
    outer loop
      vertex -168.611 82.0787 4
      vertex -169.043 82.3097 0
      vertex -168.611 82.0787 0
    endloop
  endfacet
  facet normal -0.634226 -0.773148 0
    outer loop
      vertex -168.611 82.0787 0
      vertex -168.232 81.7678 4
      vertex -168.611 82.0787 4
    endloop
  endfacet
  facet normal -0.634226 -0.773148 -0
    outer loop
      vertex -168.232 81.7678 4
      vertex -168.611 82.0787 0
      vertex -168.232 81.7678 0
    endloop
  endfacet
  facet normal -0.995192 0.0979479 0
    outer loop
      vertex -167.548 79.5123 0
      vertex -167.5 80 4
      vertex -167.5 80 0
    endloop
  endfacet
  facet normal -0.995192 0.0979479 0
    outer loop
      vertex -167.5 80 4
      vertex -167.548 79.5123 0
      vertex -167.548 79.5123 4
    endloop
  endfacet
  facet normal -0.772966 0.634448 0
    outer loop
      vertex -168.232 78.2322 0
      vertex -167.921 78.6111 4
      vertex -167.921 78.6111 0
    endloop
  endfacet
  facet normal -0.772966 0.634448 0
    outer loop
      vertex -167.921 78.6111 4
      vertex -168.232 78.2322 0
      vertex -168.232 78.2322 4
    endloop
  endfacet
  facet normal -0.881935 -0.471372 0
    outer loop
      vertex -167.69 80.9567 0
      vertex -167.921 81.3889 4
      vertex -167.921 81.3889 0
    endloop
  endfacet
  facet normal -0.881935 -0.471372 0
    outer loop
      vertex -167.921 81.3889 4
      vertex -167.69 80.9567 0
      vertex -167.69 80.9567 4
    endloop
  endfacet
  facet normal -0.634226 0.773148 0
    outer loop
      vertex -168.232 78.2322 0
      vertex -168.611 77.9213 4
      vertex -168.232 78.2322 4
    endloop
  endfacet
  facet normal -0.634226 0.773148 0
    outer loop
      vertex -168.611 77.9213 4
      vertex -168.232 78.2322 0
      vertex -168.611 77.9213 0
    endloop
  endfacet
  facet normal -0.772966 -0.634448 0
    outer loop
      vertex -167.921 81.3889 0
      vertex -168.232 81.7678 4
      vertex -168.232 81.7678 0
    endloop
  endfacet
  facet normal -0.772966 -0.634448 0
    outer loop
      vertex -168.232 81.7678 4
      vertex -167.921 81.3889 0
      vertex -167.921 81.3889 4
    endloop
  endfacet
  facet normal -0.995192 -0.0979479 0
    outer loop
      vertex -167.5 80 0
      vertex -167.548 80.4877 4
      vertex -167.548 80.4877 0
    endloop
  endfacet
  facet normal -0.995192 -0.0979479 0
    outer loop
      vertex -167.548 80.4877 4
      vertex -167.5 80 0
      vertex -167.5 80 4
    endloop
  endfacet
  facet normal 0.995192 0.0979479 0
    outer loop
      vertex -172.452 79.5123 4
      vertex -172.5 80 0
      vertex -172.5 80 4
    endloop
  endfacet
  facet normal 0.995192 0.0979479 0
    outer loop
      vertex -172.5 80 0
      vertex -172.452 79.5123 4
      vertex -172.452 79.5123 0
    endloop
  endfacet
  facet normal -0.957093 -0.289781 0
    outer loop
      vertex -167.548 80.4877 0
      vertex -167.69 80.9567 4
      vertex -167.69 80.9567 0
    endloop
  endfacet
  facet normal -0.957093 -0.289781 0
    outer loop
      vertex -167.69 80.9567 4
      vertex -167.548 80.4877 0
      vertex -167.548 80.4877 4
    endloop
  endfacet
  facet normal 0.290341 0.956923 -0
    outer loop
      vertex -170.488 77.548 0
      vertex -170.957 77.6903 4
      vertex -170.488 77.548 4
    endloop
  endfacet
  facet normal 0.290341 0.956923 0
    outer loop
      vertex -170.957 77.6903 4
      vertex -170.488 77.548 0
      vertex -170.957 77.6903 0
    endloop
  endfacet
  facet normal 0.0978883 -0.995197 0
    outer loop
      vertex -170.488 82.452 0
      vertex -170 82.5 4
      vertex -170.488 82.452 4
    endloop
  endfacet
  facet normal 0.0978883 -0.995197 0
    outer loop
      vertex -170 82.5 4
      vertex -170.488 82.452 0
      vertex -170 82.5 0
    endloop
  endfacet
  facet normal 0.290341 -0.956923 0
    outer loop
      vertex -170.957 82.3097 0
      vertex -170.488 82.452 4
      vertex -170.957 82.3097 4
    endloop
  endfacet
  facet normal 0.290341 -0.956923 0
    outer loop
      vertex -170.488 82.452 4
      vertex -170.957 82.3097 0
      vertex -170.488 82.452 0
    endloop
  endfacet
  facet normal 0.995192 -0.0979479 0
    outer loop
      vertex -172.5 80 4
      vertex -172.452 80.4877 0
      vertex -172.452 80.4877 4
    endloop
  endfacet
  facet normal 0.995192 -0.0979479 0
    outer loop
      vertex -172.452 80.4877 0
      vertex -172.5 80 4
      vertex -172.5 80 0
    endloop
  endfacet
  facet normal -0.471542 0.881844 0
    outer loop
      vertex -168.611 77.9213 0
      vertex -169.043 77.6903 4
      vertex -168.611 77.9213 4
    endloop
  endfacet
  facet normal -0.471542 0.881844 0
    outer loop
      vertex -169.043 77.6903 4
      vertex -168.611 77.9213 0
      vertex -169.043 77.6903 0
    endloop
  endfacet
  facet normal -0.290341 -0.956923 0
    outer loop
      vertex -169.512 82.452 0
      vertex -169.043 82.3097 4
      vertex -169.512 82.452 4
    endloop
  endfacet
  facet normal -0.290341 -0.956923 -0
    outer loop
      vertex -169.043 82.3097 4
      vertex -169.512 82.452 0
      vertex -169.043 82.3097 0
    endloop
  endfacet
  facet normal -0.881935 0.471372 0
    outer loop
      vertex -167.921 78.6111 0
      vertex -167.69 79.0433 4
      vertex -167.69 79.0433 0
    endloop
  endfacet
  facet normal -0.881935 0.471372 0
    outer loop
      vertex -167.69 79.0433 4
      vertex -167.921 78.6111 0
      vertex -167.921 78.6111 4
    endloop
  endfacet
  facet normal 0.634226 -0.773148 0
    outer loop
      vertex -171.768 81.7678 0
      vertex -171.389 82.0787 4
      vertex -171.768 81.7678 4
    endloop
  endfacet
  facet normal 0.634226 -0.773148 0
    outer loop
      vertex -171.389 82.0787 4
      vertex -171.768 81.7678 0
      vertex -171.389 82.0787 0
    endloop
  endfacet
  facet normal -0.957093 0.289781 0
    outer loop
      vertex -167.69 79.0433 0
      vertex -167.548 79.5123 4
      vertex -167.548 79.5123 0
    endloop
  endfacet
  facet normal -0.957093 0.289781 0
    outer loop
      vertex -167.548 79.5123 4
      vertex -167.69 79.0433 0
      vertex -167.69 79.0433 4
    endloop
  endfacet
  facet normal 0.881935 -0.471372 0
    outer loop
      vertex -172.31 80.9567 4
      vertex -172.079 81.3889 0
      vertex -172.079 81.3889 4
    endloop
  endfacet
  facet normal 0.881935 -0.471372 0
    outer loop
      vertex -172.079 81.3889 0
      vertex -172.31 80.9567 4
      vertex -172.31 80.9567 0
    endloop
  endfacet
  facet normal 0.471542 -0.881844 0
    outer loop
      vertex -171.389 82.0787 0
      vertex -170.957 82.3097 4
      vertex -171.389 82.0787 4
    endloop
  endfacet
  facet normal 0.471542 -0.881844 0
    outer loop
      vertex -170.957 82.3097 4
      vertex -171.389 82.0787 0
      vertex -170.957 82.3097 0
    endloop
  endfacet
  facet normal 0.957093 -0.289781 0
    outer loop
      vertex -172.452 80.4877 4
      vertex -172.31 80.9567 0
      vertex -172.31 80.9567 4
    endloop
  endfacet
  facet normal 0.957093 -0.289781 0
    outer loop
      vertex -172.31 80.9567 0
      vertex -172.452 80.4877 4
      vertex -172.452 80.4877 0
    endloop
  endfacet
  facet normal 0.772966 0.634448 0
    outer loop
      vertex -171.768 78.2322 4
      vertex -172.079 78.6111 0
      vertex -172.079 78.6111 4
    endloop
  endfacet
  facet normal 0.772966 0.634448 0
    outer loop
      vertex -172.079 78.6111 0
      vertex -171.768 78.2322 4
      vertex -171.768 78.2322 0
    endloop
  endfacet
  facet normal 0.881935 0.471372 0
    outer loop
      vertex -172.079 78.6111 4
      vertex -172.31 79.0433 0
      vertex -172.31 79.0433 4
    endloop
  endfacet
  facet normal 0.881935 0.471372 0
    outer loop
      vertex -172.31 79.0433 0
      vertex -172.079 78.6111 4
      vertex -172.079 78.6111 0
    endloop
  endfacet
  facet normal -0.0978883 0.995197 0
    outer loop
      vertex -169.512 77.548 0
      vertex -170 77.5 4
      vertex -169.512 77.548 4
    endloop
  endfacet
  facet normal -0.0978883 0.995197 0
    outer loop
      vertex -170 77.5 4
      vertex -169.512 77.548 0
      vertex -170 77.5 0
    endloop
  endfacet
  facet normal -0.290341 0.956923 0
    outer loop
      vertex -169.043 77.6903 0
      vertex -169.512 77.548 4
      vertex -169.043 77.6903 4
    endloop
  endfacet
  facet normal -0.290341 0.956923 0
    outer loop
      vertex -169.512 77.548 4
      vertex -169.043 77.6903 0
      vertex -169.512 77.548 0
    endloop
  endfacet
  facet normal 0.957093 0.289781 0
    outer loop
      vertex -172.31 79.0433 4
      vertex -172.452 79.5123 0
      vertex -172.452 79.5123 4
    endloop
  endfacet
  facet normal 0.957093 0.289781 0
    outer loop
      vertex -172.452 79.5123 0
      vertex -172.31 79.0433 4
      vertex -172.31 79.0433 0
    endloop
  endfacet
  facet normal -0.0978883 -0.995197 0
    outer loop
      vertex -170 82.5 0
      vertex -169.512 82.452 4
      vertex -170 82.5 4
    endloop
  endfacet
  facet normal -0.0978883 -0.995197 -0
    outer loop
      vertex -169.512 82.452 4
      vertex -170 82.5 0
      vertex -169.512 82.452 0
    endloop
  endfacet
  facet normal 0.634226 0.773148 -0
    outer loop
      vertex -171.389 77.9213 0
      vertex -171.768 78.2322 4
      vertex -171.389 77.9213 4
    endloop
  endfacet
  facet normal 0.634226 0.773148 0
    outer loop
      vertex -171.768 78.2322 4
      vertex -171.389 77.9213 0
      vertex -171.768 78.2322 0
    endloop
  endfacet
  facet normal 0.772966 -0.634448 0
    outer loop
      vertex -172.079 81.3889 4
      vertex -171.768 81.7678 0
      vertex -171.768 81.7678 4
    endloop
  endfacet
  facet normal 0.772966 -0.634448 0
    outer loop
      vertex -171.768 81.7678 0
      vertex -172.079 81.3889 4
      vertex -172.079 81.3889 0
    endloop
  endfacet
  facet normal 0.0978883 0.995197 -0
    outer loop
      vertex -170 77.5 0
      vertex -170.488 77.548 4
      vertex -170 77.5 4
    endloop
  endfacet
  facet normal 0.0978883 0.995197 0
    outer loop
      vertex -170.488 77.548 4
      vertex -170 77.5 0
      vertex -170.488 77.548 0
    endloop
  endfacet
  facet normal 0.471542 0.881844 -0
    outer loop
      vertex -170.957 77.6903 0
      vertex -171.389 77.9213 4
      vertex -170.957 77.6903 4
    endloop
  endfacet
  facet normal 0.471542 0.881844 0
    outer loop
      vertex -171.389 77.9213 4
      vertex -170.957 77.6903 0
      vertex -171.389 77.9213 0
    endloop
  endfacet
  facet normal 0.995192 0.0979479 0
    outer loop
      vertex 167.548 -80.4877 4
      vertex 167.5 -80 0
      vertex 167.5 -80 4
    endloop
  endfacet
  facet normal 0.995192 0.0979479 0
    outer loop
      vertex 167.5 -80 0
      vertex 167.548 -80.4877 4
      vertex 167.548 -80.4877 0
    endloop
  endfacet
  facet normal -0.957093 -0.289781 0
    outer loop
      vertex 172.452 -79.5123 0
      vertex 172.31 -79.0433 4
      vertex 172.31 -79.0433 0
    endloop
  endfacet
  facet normal -0.957093 -0.289781 0
    outer loop
      vertex 172.31 -79.0433 4
      vertex 172.452 -79.5123 0
      vertex 172.452 -79.5123 4
    endloop
  endfacet
  facet normal -0.995192 -0.0979479 0
    outer loop
      vertex 172.5 -80 0
      vertex 172.452 -79.5123 4
      vertex 172.452 -79.5123 0
    endloop
  endfacet
  facet normal -0.995192 -0.0979479 0
    outer loop
      vertex 172.452 -79.5123 4
      vertex 172.5 -80 0
      vertex 172.5 -80 4
    endloop
  endfacet
  facet normal -0.881935 -0.471372 0
    outer loop
      vertex 172.31 -79.0433 0
      vertex 172.079 -78.6111 4
      vertex 172.079 -78.6111 0
    endloop
  endfacet
  facet normal -0.881935 -0.471372 0
    outer loop
      vertex 172.079 -78.6111 4
      vertex 172.31 -79.0433 0
      vertex 172.31 -79.0433 4
    endloop
  endfacet
  facet normal 0.290341 -0.956923 0
    outer loop
      vertex 169.043 -77.6903 0
      vertex 169.512 -77.548 4
      vertex 169.043 -77.6903 4
    endloop
  endfacet
  facet normal 0.290341 -0.956923 0
    outer loop
      vertex 169.512 -77.548 4
      vertex 169.043 -77.6903 0
      vertex 169.512 -77.548 0
    endloop
  endfacet
  facet normal -0.995192 0.0979479 0
    outer loop
      vertex 172.452 -80.4877 0
      vertex 172.5 -80 4
      vertex 172.5 -80 0
    endloop
  endfacet
  facet normal -0.995192 0.0979479 0
    outer loop
      vertex 172.5 -80 4
      vertex 172.452 -80.4877 0
      vertex 172.452 -80.4877 4
    endloop
  endfacet
  facet normal 0.0978883 0.995197 -0
    outer loop
      vertex 170 -82.5 0
      vertex 169.512 -82.452 4
      vertex 170 -82.5 4
    endloop
  endfacet
  facet normal 0.0978883 0.995197 0
    outer loop
      vertex 169.512 -82.452 4
      vertex 170 -82.5 0
      vertex 169.512 -82.452 0
    endloop
  endfacet
  facet normal -0.772966 -0.634448 0
    outer loop
      vertex 172.079 -78.6111 0
      vertex 171.768 -78.2322 4
      vertex 171.768 -78.2322 0
    endloop
  endfacet
  facet normal -0.772966 -0.634448 0
    outer loop
      vertex 171.768 -78.2322 4
      vertex 172.079 -78.6111 0
      vertex 172.079 -78.6111 4
    endloop
  endfacet
  facet normal 0.634226 0.773148 -0
    outer loop
      vertex 168.611 -82.0787 0
      vertex 168.232 -81.7678 4
      vertex 168.611 -82.0787 4
    endloop
  endfacet
  facet normal 0.634226 0.773148 0
    outer loop
      vertex 168.232 -81.7678 4
      vertex 168.611 -82.0787 0
      vertex 168.232 -81.7678 0
    endloop
  endfacet
  facet normal -0.471542 0.881844 0
    outer loop
      vertex 171.389 -82.0787 0
      vertex 170.957 -82.3097 4
      vertex 171.389 -82.0787 4
    endloop
  endfacet
  facet normal -0.471542 0.881844 0
    outer loop
      vertex 170.957 -82.3097 4
      vertex 171.389 -82.0787 0
      vertex 170.957 -82.3097 0
    endloop
  endfacet
  facet normal 0.881935 0.471372 0
    outer loop
      vertex 167.921 -81.3889 4
      vertex 167.69 -80.9567 0
      vertex 167.69 -80.9567 4
    endloop
  endfacet
  facet normal 0.881935 0.471372 0
    outer loop
      vertex 167.69 -80.9567 0
      vertex 167.921 -81.3889 4
      vertex 167.921 -81.3889 0
    endloop
  endfacet
  facet normal 0.957093 0.289781 0
    outer loop
      vertex 167.69 -80.9567 4
      vertex 167.548 -80.4877 0
      vertex 167.548 -80.4877 4
    endloop
  endfacet
  facet normal 0.957093 0.289781 0
    outer loop
      vertex 167.548 -80.4877 0
      vertex 167.69 -80.9567 4
      vertex 167.69 -80.9567 0
    endloop
  endfacet
  facet normal 0.290341 0.956923 -0
    outer loop
      vertex 169.512 -82.452 0
      vertex 169.043 -82.3097 4
      vertex 169.512 -82.452 4
    endloop
  endfacet
  facet normal 0.290341 0.956923 0
    outer loop
      vertex 169.043 -82.3097 4
      vertex 169.512 -82.452 0
      vertex 169.043 -82.3097 0
    endloop
  endfacet
  facet normal 0.0978883 -0.995197 0
    outer loop
      vertex 169.512 -77.548 0
      vertex 170 -77.5 4
      vertex 169.512 -77.548 4
    endloop
  endfacet
  facet normal 0.0978883 -0.995197 0
    outer loop
      vertex 170 -77.5 4
      vertex 169.512 -77.548 0
      vertex 170 -77.5 0
    endloop
  endfacet
  facet normal -0.957093 0.289781 0
    outer loop
      vertex 172.31 -80.9567 0
      vertex 172.452 -80.4877 4
      vertex 172.452 -80.4877 0
    endloop
  endfacet
  facet normal -0.957093 0.289781 0
    outer loop
      vertex 172.452 -80.4877 4
      vertex 172.31 -80.9567 0
      vertex 172.31 -80.9567 4
    endloop
  endfacet
  facet normal -0.290341 -0.956923 0
    outer loop
      vertex 170.488 -77.548 0
      vertex 170.957 -77.6903 4
      vertex 170.488 -77.548 4
    endloop
  endfacet
  facet normal -0.290341 -0.956923 -0
    outer loop
      vertex 170.957 -77.6903 4
      vertex 170.488 -77.548 0
      vertex 170.957 -77.6903 0
    endloop
  endfacet
  facet normal 0.881935 -0.471372 0
    outer loop
      vertex 167.69 -79.0433 4
      vertex 167.921 -78.6111 0
      vertex 167.921 -78.6111 4
    endloop
  endfacet
  facet normal 0.881935 -0.471372 0
    outer loop
      vertex 167.921 -78.6111 0
      vertex 167.69 -79.0433 4
      vertex 167.69 -79.0433 0
    endloop
  endfacet
  facet normal -0.290341 0.956923 0
    outer loop
      vertex 170.957 -82.3097 0
      vertex 170.488 -82.452 4
      vertex 170.957 -82.3097 4
    endloop
  endfacet
  facet normal -0.290341 0.956923 0
    outer loop
      vertex 170.488 -82.452 4
      vertex 170.957 -82.3097 0
      vertex 170.488 -82.452 0
    endloop
  endfacet
  facet normal 0.471542 -0.881844 0
    outer loop
      vertex 168.611 -77.9213 0
      vertex 169.043 -77.6903 4
      vertex 168.611 -77.9213 4
    endloop
  endfacet
  facet normal 0.471542 -0.881844 0
    outer loop
      vertex 169.043 -77.6903 4
      vertex 168.611 -77.9213 0
      vertex 169.043 -77.6903 0
    endloop
  endfacet
  facet normal 0.634226 -0.773148 0
    outer loop
      vertex 168.232 -78.2322 0
      vertex 168.611 -77.9213 4
      vertex 168.232 -78.2322 4
    endloop
  endfacet
  facet normal 0.634226 -0.773148 0
    outer loop
      vertex 168.611 -77.9213 4
      vertex 168.232 -78.2322 0
      vertex 168.611 -77.9213 0
    endloop
  endfacet
  facet normal -0.772966 0.634448 0
    outer loop
      vertex 171.768 -81.7678 0
      vertex 172.079 -81.3889 4
      vertex 172.079 -81.3889 0
    endloop
  endfacet
  facet normal -0.772966 0.634448 0
    outer loop
      vertex 172.079 -81.3889 4
      vertex 171.768 -81.7678 0
      vertex 171.768 -81.7678 4
    endloop
  endfacet
  facet normal -0.881935 0.471372 0
    outer loop
      vertex 172.079 -81.3889 0
      vertex 172.31 -80.9567 4
      vertex 172.31 -80.9567 0
    endloop
  endfacet
  facet normal -0.881935 0.471372 0
    outer loop
      vertex 172.31 -80.9567 4
      vertex 172.079 -81.3889 0
      vertex 172.079 -81.3889 4
    endloop
  endfacet
  facet normal 0.995192 -0.0979479 0
    outer loop
      vertex 167.5 -80 4
      vertex 167.548 -79.5123 0
      vertex 167.548 -79.5123 4
    endloop
  endfacet
  facet normal 0.995192 -0.0979479 0
    outer loop
      vertex 167.548 -79.5123 0
      vertex 167.5 -80 4
      vertex 167.5 -80 0
    endloop
  endfacet
  facet normal 0.471542 0.881844 -0
    outer loop
      vertex 169.043 -82.3097 0
      vertex 168.611 -82.0787 4
      vertex 169.043 -82.3097 4
    endloop
  endfacet
  facet normal 0.471542 0.881844 0
    outer loop
      vertex 168.611 -82.0787 4
      vertex 169.043 -82.3097 0
      vertex 168.611 -82.0787 0
    endloop
  endfacet
  facet normal -0.634226 -0.773148 0
    outer loop
      vertex 171.389 -77.9213 0
      vertex 171.768 -78.2322 4
      vertex 171.389 -77.9213 4
    endloop
  endfacet
  facet normal -0.634226 -0.773148 -0
    outer loop
      vertex 171.768 -78.2322 4
      vertex 171.389 -77.9213 0
      vertex 171.768 -78.2322 0
    endloop
  endfacet
  facet normal -0.471542 -0.881844 0
    outer loop
      vertex 170.957 -77.6903 0
      vertex 171.389 -77.9213 4
      vertex 170.957 -77.6903 4
    endloop
  endfacet
  facet normal -0.471542 -0.881844 -0
    outer loop
      vertex 171.389 -77.9213 4
      vertex 170.957 -77.6903 0
      vertex 171.389 -77.9213 0
    endloop
  endfacet
  facet normal 0.772966 0.634448 0
    outer loop
      vertex 168.232 -81.7678 4
      vertex 167.921 -81.3889 0
      vertex 167.921 -81.3889 4
    endloop
  endfacet
  facet normal 0.772966 0.634448 0
    outer loop
      vertex 167.921 -81.3889 0
      vertex 168.232 -81.7678 4
      vertex 168.232 -81.7678 0
    endloop
  endfacet
  facet normal 0.772966 -0.634448 0
    outer loop
      vertex 167.921 -78.6111 4
      vertex 168.232 -78.2322 0
      vertex 168.232 -78.2322 4
    endloop
  endfacet
  facet normal 0.772966 -0.634448 0
    outer loop
      vertex 168.232 -78.2322 0
      vertex 167.921 -78.6111 4
      vertex 167.921 -78.6111 0
    endloop
  endfacet
  facet normal -0.0978883 0.995197 0
    outer loop
      vertex 170.488 -82.452 0
      vertex 170 -82.5 4
      vertex 170.488 -82.452 4
    endloop
  endfacet
  facet normal -0.0978883 0.995197 0
    outer loop
      vertex 170 -82.5 4
      vertex 170.488 -82.452 0
      vertex 170 -82.5 0
    endloop
  endfacet
  facet normal -0.0978883 -0.995197 0
    outer loop
      vertex 170 -77.5 0
      vertex 170.488 -77.548 4
      vertex 170 -77.5 4
    endloop
  endfacet
  facet normal -0.0978883 -0.995197 -0
    outer loop
      vertex 170.488 -77.548 4
      vertex 170 -77.5 0
      vertex 170.488 -77.548 0
    endloop
  endfacet
  facet normal -0.634226 0.773148 0
    outer loop
      vertex 171.768 -81.7678 0
      vertex 171.389 -82.0787 4
      vertex 171.768 -81.7678 4
    endloop
  endfacet
  facet normal -0.634226 0.773148 0
    outer loop
      vertex 171.389 -82.0787 4
      vertex 171.768 -81.7678 0
      vertex 171.389 -82.0787 0
    endloop
  endfacet
  facet normal 0.957093 -0.289781 0
    outer loop
      vertex 167.548 -79.5123 4
      vertex 167.69 -79.0433 0
      vertex 167.69 -79.0433 4
    endloop
  endfacet
  facet normal 0.957093 -0.289781 0
    outer loop
      vertex 167.69 -79.0433 0
      vertex 167.548 -79.5123 4
      vertex 167.548 -79.5123 0
    endloop
  endfacet
  facet normal -0.290341 0.956923 0
    outer loop
      vertex 170.957 77.6903 0
      vertex 170.488 77.548 4
      vertex 170.957 77.6903 4
    endloop
  endfacet
  facet normal -0.290341 0.956923 0
    outer loop
      vertex 170.488 77.548 4
      vertex 170.957 77.6903 0
      vertex 170.488 77.548 0
    endloop
  endfacet
  facet normal -0.957093 -0.289781 0
    outer loop
      vertex 172.452 80.4877 0
      vertex 172.31 80.9567 4
      vertex 172.31 80.9567 0
    endloop
  endfacet
  facet normal -0.957093 -0.289781 0
    outer loop
      vertex 172.31 80.9567 4
      vertex 172.452 80.4877 0
      vertex 172.452 80.4877 4
    endloop
  endfacet
  facet normal -0.995192 -0.0979479 0
    outer loop
      vertex 172.5 80 0
      vertex 172.452 80.4877 4
      vertex 172.452 80.4877 0
    endloop
  endfacet
  facet normal -0.995192 -0.0979479 0
    outer loop
      vertex 172.452 80.4877 4
      vertex 172.5 80 0
      vertex 172.5 80 4
    endloop
  endfacet
  facet normal -0.881935 -0.471372 0
    outer loop
      vertex 172.31 80.9567 0
      vertex 172.079 81.3889 4
      vertex 172.079 81.3889 0
    endloop
  endfacet
  facet normal -0.881935 -0.471372 0
    outer loop
      vertex 172.079 81.3889 4
      vertex 172.31 80.9567 0
      vertex 172.31 80.9567 4
    endloop
  endfacet
  facet normal 0.881935 0.471372 0
    outer loop
      vertex 167.921 78.6111 4
      vertex 167.69 79.0433 0
      vertex 167.69 79.0433 4
    endloop
  endfacet
  facet normal 0.881935 0.471372 0
    outer loop
      vertex 167.69 79.0433 0
      vertex 167.921 78.6111 4
      vertex 167.921 78.6111 0
    endloop
  endfacet
  facet normal -0.290341 -0.956923 0
    outer loop
      vertex 170.488 82.452 0
      vertex 170.957 82.3097 4
      vertex 170.488 82.452 4
    endloop
  endfacet
  facet normal -0.290341 -0.956923 -0
    outer loop
      vertex 170.957 82.3097 4
      vertex 170.488 82.452 0
      vertex 170.957 82.3097 0
    endloop
  endfacet
  facet normal 0.0978883 -0.995197 0
    outer loop
      vertex 169.512 82.452 0
      vertex 170 82.5 4
      vertex 169.512 82.452 4
    endloop
  endfacet
  facet normal 0.0978883 -0.995197 0
    outer loop
      vertex 170 82.5 4
      vertex 169.512 82.452 0
      vertex 170 82.5 0
    endloop
  endfacet
  facet normal 0.471542 0.881844 -0
    outer loop
      vertex 169.043 77.6903 0
      vertex 168.611 77.9213 4
      vertex 169.043 77.6903 4
    endloop
  endfacet
  facet normal 0.471542 0.881844 0
    outer loop
      vertex 168.611 77.9213 4
      vertex 169.043 77.6903 0
      vertex 168.611 77.9213 0
    endloop
  endfacet
  facet normal 0.471542 -0.881844 0
    outer loop
      vertex 168.611 82.0787 0
      vertex 169.043 82.3097 4
      vertex 168.611 82.0787 4
    endloop
  endfacet
  facet normal 0.471542 -0.881844 0
    outer loop
      vertex 169.043 82.3097 4
      vertex 168.611 82.0787 0
      vertex 169.043 82.3097 0
    endloop
  endfacet
  facet normal -0.471542 0.881844 0
    outer loop
      vertex 171.389 77.9213 0
      vertex 170.957 77.6903 4
      vertex 171.389 77.9213 4
    endloop
  endfacet
  facet normal -0.471542 0.881844 0
    outer loop
      vertex 170.957 77.6903 4
      vertex 171.389 77.9213 0
      vertex 170.957 77.6903 0
    endloop
  endfacet
  facet normal 0.772966 -0.634448 0
    outer loop
      vertex 167.921 81.3889 4
      vertex 168.232 81.7678 0
      vertex 168.232 81.7678 4
    endloop
  endfacet
  facet normal 0.772966 -0.634448 0
    outer loop
      vertex 168.232 81.7678 0
      vertex 167.921 81.3889 4
      vertex 167.921 81.3889 0
    endloop
  endfacet
  facet normal -0.772966 -0.634448 0
    outer loop
      vertex 172.079 81.3889 0
      vertex 171.768 81.7678 4
      vertex 171.768 81.7678 0
    endloop
  endfacet
  facet normal -0.772966 -0.634448 0
    outer loop
      vertex 171.768 81.7678 4
      vertex 172.079 81.3889 0
      vertex 172.079 81.3889 4
    endloop
  endfacet
  facet normal -0.772966 0.634448 0
    outer loop
      vertex 171.768 78.2322 0
      vertex 172.079 78.6111 4
      vertex 172.079 78.6111 0
    endloop
  endfacet
  facet normal -0.772966 0.634448 0
    outer loop
      vertex 172.079 78.6111 4
      vertex 171.768 78.2322 0
      vertex 171.768 78.2322 4
    endloop
  endfacet
  facet normal 0.290341 -0.956923 0
    outer loop
      vertex 169.043 82.3097 0
      vertex 169.512 82.452 4
      vertex 169.043 82.3097 4
    endloop
  endfacet
  facet normal 0.290341 -0.956923 0
    outer loop
      vertex 169.512 82.452 4
      vertex 169.043 82.3097 0
      vertex 169.512 82.452 0
    endloop
  endfacet
  facet normal -0.634226 0.773148 0
    outer loop
      vertex 171.768 78.2322 0
      vertex 171.389 77.9213 4
      vertex 171.768 78.2322 4
    endloop
  endfacet
  facet normal -0.634226 0.773148 0
    outer loop
      vertex 171.389 77.9213 4
      vertex 171.768 78.2322 0
      vertex 171.389 77.9213 0
    endloop
  endfacet
  facet normal -0.995192 0.0979479 0
    outer loop
      vertex 172.452 79.5123 0
      vertex 172.5 80 4
      vertex 172.5 80 0
    endloop
  endfacet
  facet normal -0.995192 0.0979479 0
    outer loop
      vertex 172.5 80 4
      vertex 172.452 79.5123 0
      vertex 172.452 79.5123 4
    endloop
  endfacet
  facet normal 0.290341 0.956923 -0
    outer loop
      vertex 169.512 77.548 0
      vertex 169.043 77.6903 4
      vertex 169.512 77.548 4
    endloop
  endfacet
  facet normal 0.290341 0.956923 0
    outer loop
      vertex 169.043 77.6903 4
      vertex 169.512 77.548 0
      vertex 169.043 77.6903 0
    endloop
  endfacet
  facet normal -0.957093 0.289781 0
    outer loop
      vertex 172.31 79.0433 0
      vertex 172.452 79.5123 4
      vertex 172.452 79.5123 0
    endloop
  endfacet
  facet normal -0.957093 0.289781 0
    outer loop
      vertex 172.452 79.5123 4
      vertex 172.31 79.0433 0
      vertex 172.31 79.0433 4
    endloop
  endfacet
  facet normal 0.957093 0.289781 0
    outer loop
      vertex 167.69 79.0433 4
      vertex 167.548 79.5123 0
      vertex 167.548 79.5123 4
    endloop
  endfacet
  facet normal 0.957093 0.289781 0
    outer loop
      vertex 167.548 79.5123 0
      vertex 167.69 79.0433 4
      vertex 167.69 79.0433 0
    endloop
  endfacet
  facet normal -0.881935 0.471372 0
    outer loop
      vertex 172.079 78.6111 0
      vertex 172.31 79.0433 4
      vertex 172.31 79.0433 0
    endloop
  endfacet
  facet normal -0.881935 0.471372 0
    outer loop
      vertex 172.31 79.0433 4
      vertex 172.079 78.6111 0
      vertex 172.079 78.6111 4
    endloop
  endfacet
  facet normal 0.995192 -0.0979479 0
    outer loop
      vertex 167.5 80 4
      vertex 167.548 80.4877 0
      vertex 167.548 80.4877 4
    endloop
  endfacet
  facet normal 0.995192 -0.0979479 0
    outer loop
      vertex 167.548 80.4877 0
      vertex 167.5 80 4
      vertex 167.5 80 0
    endloop
  endfacet
  facet normal -0.0978883 -0.995197 0
    outer loop
      vertex 170 82.5 0
      vertex 170.488 82.452 4
      vertex 170 82.5 4
    endloop
  endfacet
  facet normal -0.0978883 -0.995197 -0
    outer loop
      vertex 170.488 82.452 4
      vertex 170 82.5 0
      vertex 170.488 82.452 0
    endloop
  endfacet
  facet normal 0.634226 -0.773148 0
    outer loop
      vertex 168.232 81.7678 0
      vertex 168.611 82.0787 4
      vertex 168.232 81.7678 4
    endloop
  endfacet
  facet normal 0.634226 -0.773148 0
    outer loop
      vertex 168.611 82.0787 4
      vertex 168.232 81.7678 0
      vertex 168.611 82.0787 0
    endloop
  endfacet
  facet normal -0.634226 -0.773148 0
    outer loop
      vertex 171.389 82.0787 0
      vertex 171.768 81.7678 4
      vertex 171.389 82.0787 4
    endloop
  endfacet
  facet normal -0.634226 -0.773148 -0
    outer loop
      vertex 171.768 81.7678 4
      vertex 171.389 82.0787 0
      vertex 171.768 81.7678 0
    endloop
  endfacet
  facet normal -0.0978883 0.995197 0
    outer loop
      vertex 170.488 77.548 0
      vertex 170 77.5 4
      vertex 170.488 77.548 4
    endloop
  endfacet
  facet normal -0.0978883 0.995197 0
    outer loop
      vertex 170 77.5 4
      vertex 170.488 77.548 0
      vertex 170 77.5 0
    endloop
  endfacet
  facet normal -0.471542 -0.881844 0
    outer loop
      vertex 170.957 82.3097 0
      vertex 171.389 82.0787 4
      vertex 170.957 82.3097 4
    endloop
  endfacet
  facet normal -0.471542 -0.881844 -0
    outer loop
      vertex 171.389 82.0787 4
      vertex 170.957 82.3097 0
      vertex 171.389 82.0787 0
    endloop
  endfacet
  facet normal 0.772966 0.634448 0
    outer loop
      vertex 168.232 78.2322 4
      vertex 167.921 78.6111 0
      vertex 167.921 78.6111 4
    endloop
  endfacet
  facet normal 0.772966 0.634448 0
    outer loop
      vertex 167.921 78.6111 0
      vertex 168.232 78.2322 4
      vertex 168.232 78.2322 0
    endloop
  endfacet
  facet normal 0.0978883 0.995197 -0
    outer loop
      vertex 170 77.5 0
      vertex 169.512 77.548 4
      vertex 170 77.5 4
    endloop
  endfacet
  facet normal 0.0978883 0.995197 0
    outer loop
      vertex 169.512 77.548 4
      vertex 170 77.5 0
      vertex 169.512 77.548 0
    endloop
  endfacet
  facet normal 0.634226 0.773148 -0
    outer loop
      vertex 168.611 77.9213 0
      vertex 168.232 78.2322 4
      vertex 168.611 77.9213 4
    endloop
  endfacet
  facet normal 0.634226 0.773148 0
    outer loop
      vertex 168.232 78.2322 4
      vertex 168.611 77.9213 0
      vertex 168.232 78.2322 0
    endloop
  endfacet
  facet normal 0.957093 -0.289781 0
    outer loop
      vertex 167.548 80.4877 4
      vertex 167.69 80.9567 0
      vertex 167.69 80.9567 4
    endloop
  endfacet
  facet normal 0.957093 -0.289781 0
    outer loop
      vertex 167.69 80.9567 0
      vertex 167.548 80.4877 4
      vertex 167.548 80.4877 0
    endloop
  endfacet
  facet normal 0.881935 -0.471372 0
    outer loop
      vertex 167.69 80.9567 4
      vertex 167.921 81.3889 0
      vertex 167.921 81.3889 4
    endloop
  endfacet
  facet normal 0.881935 -0.471372 0
    outer loop
      vertex 167.921 81.3889 0
      vertex 167.69 80.9567 4
      vertex 167.69 80.9567 0
    endloop
  endfacet
  facet normal 0.995192 0.0979479 0
    outer loop
      vertex 167.548 79.5123 4
      vertex 167.5 80 0
      vertex 167.5 80 4
    endloop
  endfacet
  facet normal 0.995192 0.0979479 0
    outer loop
      vertex 167.5 80 0
      vertex 167.548 79.5123 4
      vertex 167.548 79.5123 0
    endloop
  endfacet
  facet normal 1 -0 0
    outer loop
      vertex -169.1 18.75 4
      vertex -169.1 21.25 0
      vertex -169.1 21.25 4
    endloop
  endfacet
  facet normal 1 0 0
    outer loop
      vertex -169.1 21.25 0
      vertex -169.1 18.75 4
      vertex -169.1 18.75 0
    endloop
  endfacet
  facet normal 0 -1 0
    outer loop
      vertex -169.1 21.25 0
      vertex -164.1 21.25 4
      vertex -169.1 21.25 4
    endloop
  endfacet
  facet normal 0 -1 -0
    outer loop
      vertex -164.1 21.25 4
      vertex -169.1 21.25 0
      vertex -164.1 21.25 0
    endloop
  endfacet
  facet normal -1 0 0
    outer loop
      vertex -164.1 18.75 0
      vertex -164.1 21.25 4
      vertex -164.1 21.25 0
    endloop
  endfacet
  facet normal -1 -0 0
    outer loop
      vertex -164.1 21.25 4
      vertex -164.1 18.75 0
      vertex -164.1 18.75 4
    endloop
  endfacet
  facet normal 0 1 -0
    outer loop
      vertex -164.1 18.75 0
      vertex -169.1 18.75 4
      vertex -164.1 18.75 4
    endloop
  endfacet
  facet normal 0 1 0
    outer loop
      vertex -169.1 18.75 4
      vertex -164.1 18.75 0
      vertex -169.1 18.75 0
    endloop
  endfacet
  facet normal 1 -0 0
    outer loop
      vertex -25.9 18.75 4
      vertex -25.9 21.25 0
      vertex -25.9 21.25 4
    endloop
  endfacet
  facet normal 1 0 0
    outer loop
      vertex -25.9 21.25 0
      vertex -25.9 18.75 4
      vertex -25.9 18.75 0
    endloop
  endfacet
  facet normal 0 -1 0
    outer loop
      vertex -25.9 21.25 0
      vertex -20.9 21.25 4
      vertex -25.9 21.25 4
    endloop
  endfacet
  facet normal 0 -1 -0
    outer loop
      vertex -20.9 21.25 4
      vertex -25.9 21.25 0
      vertex -20.9 21.25 0
    endloop
  endfacet
  facet normal -1 0 0
    outer loop
      vertex -20.9 18.75 0
      vertex -20.9 21.25 4
      vertex -20.9 21.25 0
    endloop
  endfacet
  facet normal -1 -0 0
    outer loop
      vertex -20.9 21.25 4
      vertex -20.9 18.75 0
      vertex -20.9 18.75 4
    endloop
  endfacet
  facet normal 0 1 -0
    outer loop
      vertex -20.9 18.75 0
      vertex -25.9 18.75 4
      vertex -20.9 18.75 4
    endloop
  endfacet
  facet normal 0 1 0
    outer loop
      vertex -25.9 18.75 4
      vertex -20.9 18.75 0
      vertex -25.9 18.75 0
    endloop
  endfacet
  facet normal 1 -0 0
    outer loop
      vertex 38.75 0.4 4
      vertex 38.75 5.4 0
      vertex 38.75 5.4 4
    endloop
  endfacet
  facet normal 1 0 0
    outer loop
      vertex 38.75 5.4 0
      vertex 38.75 0.4 4
      vertex 38.75 0.4 0
    endloop
  endfacet
  facet normal 0 -1 0
    outer loop
      vertex 38.75 5.4 0
      vertex 41.25 5.4 4
      vertex 38.75 5.4 4
    endloop
  endfacet
  facet normal 0 -1 -0
    outer loop
      vertex 41.25 5.4 4
      vertex 38.75 5.4 0
      vertex 41.25 5.4 0
    endloop
  endfacet
  facet normal -1 0 0
    outer loop
      vertex 41.25 0.4 0
      vertex 41.25 5.4 4
      vertex 41.25 5.4 0
    endloop
  endfacet
  facet normal -1 -0 0
    outer loop
      vertex 41.25 5.4 4
      vertex 41.25 0.4 0
      vertex 41.25 0.4 4
    endloop
  endfacet
  facet normal 0 1 -0
    outer loop
      vertex 41.25 0.4 0
      vertex 38.75 0.4 4
      vertex 41.25 0.4 4
    endloop
  endfacet
  facet normal 0 1 0
    outer loop
      vertex 38.75 0.4 4
      vertex 41.25 0.4 0
      vertex 38.75 0.4 0
    endloop
  endfacet
  facet normal 1 -0 0
    outer loop
      vertex 38.75 84.6 4
      vertex 38.75 89.6 0
      vertex 38.75 89.6 4
    endloop
  endfacet
  facet normal 1 0 0
    outer loop
      vertex 38.75 89.6 0
      vertex 38.75 84.6 4
      vertex 38.75 84.6 0
    endloop
  endfacet
  facet normal 0 -1 0
    outer loop
      vertex 38.75 89.6 0
      vertex 41.25 89.6 4
      vertex 38.75 89.6 4
    endloop
  endfacet
  facet normal 0 -1 -0
    outer loop
      vertex 41.25 89.6 4
      vertex 38.75 89.6 0
      vertex 41.25 89.6 0
    endloop
  endfacet
  facet normal -1 0 0
    outer loop
      vertex 41.25 84.6 0
      vertex 41.25 89.6 4
      vertex 41.25 89.6 0
    endloop
  endfacet
  facet normal -1 -0 0
    outer loop
      vertex 41.25 89.6 4
      vertex 41.25 84.6 0
      vertex 41.25 84.6 4
    endloop
  endfacet
  facet normal 0 1 -0
    outer loop
      vertex 41.25 84.6 0
      vertex 38.75 84.6 4
      vertex 41.25 84.6 4
    endloop
  endfacet
  facet normal 0 1 0
    outer loop
      vertex 38.75 84.6 4
      vertex 41.25 84.6 0
      vertex 38.75 84.6 0
    endloop
  endfacet
  facet normal 1 -0 0
    outer loop
      vertex 133.75 11.4 4
      vertex 133.75 16.4 0
      vertex 133.75 16.4 4
    endloop
  endfacet
  facet normal 1 0 0
    outer loop
      vertex 133.75 16.4 0
      vertex 133.75 11.4 4
      vertex 133.75 11.4 0
    endloop
  endfacet
  facet normal 0 -1 0
    outer loop
      vertex 133.75 16.4 0
      vertex 136.25 16.4 4
      vertex 133.75 16.4 4
    endloop
  endfacet
  facet normal 0 -1 -0
    outer loop
      vertex 136.25 16.4 4
      vertex 133.75 16.4 0
      vertex 136.25 16.4 0
    endloop
  endfacet
  facet normal -1 0 0
    outer loop
      vertex 136.25 11.4 0
      vertex 136.25 16.4 4
      vertex 136.25 16.4 0
    endloop
  endfacet
  facet normal -1 -0 0
    outer loop
      vertex 136.25 16.4 4
      vertex 136.25 11.4 0
      vertex 136.25 11.4 4
    endloop
  endfacet
  facet normal 0 1 -0
    outer loop
      vertex 136.25 11.4 0
      vertex 133.75 11.4 4
      vertex 136.25 11.4 4
    endloop
  endfacet
  facet normal 0 1 0
    outer loop
      vertex 133.75 11.4 4
      vertex 136.25 11.4 0
      vertex 133.75 11.4 0
    endloop
  endfacet
  facet normal 1 -0 0
    outer loop
      vertex 133.75 73.6 4
      vertex 133.75 78.6 0
      vertex 133.75 78.6 4
    endloop
  endfacet
  facet normal 1 0 0
    outer loop
      vertex 133.75 78.6 0
      vertex 133.75 73.6 4
      vertex 133.75 73.6 0
    endloop
  endfacet
  facet normal 0 -1 0
    outer loop
      vertex 133.75 78.6 0
      vertex 136.25 78.6 4
      vertex 133.75 78.6 4
    endloop
  endfacet
  facet normal 0 -1 -0
    outer loop
      vertex 136.25 78.6 4
      vertex 133.75 78.6 0
      vertex 136.25 78.6 0
    endloop
  endfacet
  facet normal -1 0 0
    outer loop
      vertex 136.25 73.6 0
      vertex 136.25 78.6 4
      vertex 136.25 78.6 0
    endloop
  endfacet
  facet normal -1 -0 0
    outer loop
      vertex 136.25 78.6 4
      vertex 136.25 73.6 0
      vertex 136.25 73.6 4
    endloop
  endfacet
  facet normal 0 1 -0
    outer loop
      vertex 136.25 73.6 0
      vertex 133.75 73.6 4
      vertex 136.25 73.6 4
    endloop
  endfacet
  facet normal 0 1 0
    outer loop
      vertex 133.75 73.6 4
      vertex 136.25 73.6 0
      vertex 133.75 73.6 0
    endloop
  endfacet
  facet normal 1 -0 0
    outer loop
      vertex 133.75 -73.6 4
      vertex 133.75 -68.6 0
      vertex 133.75 -68.6 4
    endloop
  endfacet
  facet normal 1 0 0
    outer loop
      vertex 133.75 -68.6 0
      vertex 133.75 -73.6 4
      vertex 133.75 -73.6 0
    endloop
  endfacet
  facet normal 0 -1 0
    outer loop
      vertex 133.75 -68.6 0
      vertex 136.25 -68.6 4
      vertex 133.75 -68.6 4
    endloop
  endfacet
  facet normal 0 -1 -0
    outer loop
      vertex 136.25 -68.6 4
      vertex 133.75 -68.6 0
      vertex 136.25 -68.6 0
    endloop
  endfacet
  facet normal -1 0 0
    outer loop
      vertex 136.25 -73.6 0
      vertex 136.25 -68.6 4
      vertex 136.25 -68.6 0
    endloop
  endfacet
  facet normal -1 -0 0
    outer loop
      vertex 136.25 -68.6 4
      vertex 136.25 -73.6 0
      vertex 136.25 -73.6 4
    endloop
  endfacet
  facet normal 0 1 -0
    outer loop
      vertex 136.25 -73.6 0
      vertex 133.75 -73.6 4
      vertex 136.25 -73.6 4
    endloop
  endfacet
  facet normal 0 1 0
    outer loop
      vertex 133.75 -73.6 4
      vertex 136.25 -73.6 0
      vertex 133.75 -73.6 0
    endloop
  endfacet
  facet normal 1 -0 0
    outer loop
      vertex 133.75 -11.4 4
      vertex 133.75 -6.4 0
      vertex 133.75 -6.4 4
    endloop
  endfacet
  facet normal 1 0 0
    outer loop
      vertex 133.75 -6.4 0
      vertex 133.75 -11.4 4
      vertex 133.75 -11.4 0
    endloop
  endfacet
  facet normal 0 -1 0
    outer loop
      vertex 133.75 -6.4 0
      vertex 136.25 -6.4 4
      vertex 133.75 -6.4 4
    endloop
  endfacet
  facet normal 0 -1 -0
    outer loop
      vertex 136.25 -6.4 4
      vertex 133.75 -6.4 0
      vertex 136.25 -6.4 0
    endloop
  endfacet
  facet normal -1 0 0
    outer loop
      vertex 136.25 -11.4 0
      vertex 136.25 -6.4 4
      vertex 136.25 -6.4 0
    endloop
  endfacet
  facet normal -1 -0 0
    outer loop
      vertex 136.25 -6.4 4
      vertex 136.25 -11.4 0
      vertex 136.25 -11.4 4
    endloop
  endfacet
  facet normal 0 1 -0
    outer loop
      vertex 136.25 -11.4 0
      vertex 133.75 -11.4 4
      vertex 136.25 -11.4 4
    endloop
  endfacet
  facet normal 0 1 0
    outer loop
      vertex 133.75 -11.4 4
      vertex 136.25 -11.4 0
      vertex 133.75 -11.4 0
    endloop
  endfacet
  facet normal 1 -0 0
    outer loop
      vertex -18.1 -46.25 4
      vertex -18.1 -43.75 0
      vertex -18.1 -43.75 4
    endloop
  endfacet
  facet normal 1 0 0
    outer loop
      vertex -18.1 -43.75 0
      vertex -18.1 -46.25 4
      vertex -18.1 -46.25 0
    endloop
  endfacet
  facet normal 0 -1 0
    outer loop
      vertex -18.1 -43.75 0
      vertex -13.1 -43.75 4
      vertex -18.1 -43.75 4
    endloop
  endfacet
  facet normal 0 -1 -0
    outer loop
      vertex -13.1 -43.75 4
      vertex -18.1 -43.75 0
      vertex -13.1 -43.75 0
    endloop
  endfacet
  facet normal -1 0 0
    outer loop
      vertex -13.1 -46.25 0
      vertex -13.1 -43.75 4
      vertex -13.1 -43.75 0
    endloop
  endfacet
  facet normal -1 -0 0
    outer loop
      vertex -13.1 -43.75 4
      vertex -13.1 -46.25 0
      vertex -13.1 -46.25 4
    endloop
  endfacet
  facet normal 0 1 -0
    outer loop
      vertex -13.1 -46.25 0
      vertex -18.1 -46.25 4
      vertex -13.1 -46.25 4
    endloop
  endfacet
  facet normal 0 1 0
    outer loop
      vertex -18.1 -46.25 4
      vertex -13.1 -46.25 0
      vertex -18.1 -46.25 0
    endloop
  endfacet
  facet normal 1 -0 0
    outer loop
      vertex 93.1 -46.25 4
      vertex 93.1 -43.75 0
      vertex 93.1 -43.75 4
    endloop
  endfacet
  facet normal 1 0 0
    outer loop
      vertex 93.1 -43.75 0
      vertex 93.1 -46.25 4
      vertex 93.1 -46.25 0
    endloop
  endfacet
  facet normal 0 -1 0
    outer loop
      vertex 93.1 -43.75 0
      vertex 98.1 -43.75 4
      vertex 93.1 -43.75 4
    endloop
  endfacet
  facet normal 0 -1 -0
    outer loop
      vertex 98.1 -43.75 4
      vertex 93.1 -43.75 0
      vertex 98.1 -43.75 0
    endloop
  endfacet
  facet normal -1 0 0
    outer loop
      vertex 98.1 -46.25 0
      vertex 98.1 -43.75 4
      vertex 98.1 -43.75 0
    endloop
  endfacet
  facet normal -1 -0 0
    outer loop
      vertex 98.1 -43.75 4
      vertex 98.1 -46.25 0
      vertex 98.1 -46.25 4
    endloop
  endfacet
  facet normal 0 1 -0
    outer loop
      vertex 98.1 -46.25 0
      vertex 93.1 -46.25 4
      vertex 98.1 -46.25 4
    endloop
  endfacet
  facet normal 0 1 0
    outer loop
      vertex 93.1 -46.25 4
      vertex 98.1 -46.25 0
      vertex 93.1 -46.25 0
    endloop
  endfacet
  facet normal 1 -0 0
    outer loop
      vertex 180 -90 4
      vertex 180 90 0
      vertex 180 90 4
    endloop
  endfacet
  facet normal 1 0 0
    outer loop
      vertex 180 90 0
      vertex 180 -90 4
      vertex 180 -90 0
    endloop
  endfacet
  facet normal -0 0 1
    outer loop
      vertex -8.09999 -26.9 4
      vertex 88.1 -63.1 4
      vertex 88.1 -26.9 4
    endloop
  endfacet
  facet normal 0 0 1
    outer loop
      vertex 88.1 -63.1 4
      vertex -8.09999 -26.9 4
      vertex -8.09999 -63.1 4
    endloop
  endfacet
  facet normal -0 0 1
    outer loop
      vertex 101.4 -16.4 4
      vertex 168.6 -63.6 4
      vertex 168.6 -16.4 4
    endloop
  endfacet
  facet normal 0 0 1
    outer loop
      vertex 168.6 -63.6 4
      vertex 101.4 -16.4 4
      vertex 101.4 -63.6 4
    endloop
  endfacet
  facet normal -0 0 1
    outer loop
      vertex 101.4 68.6 4
      vertex 168.6 21.4 4
      vertex 168.6 68.6 4
    endloop
  endfacet
  facet normal 0 0 1
    outer loop
      vertex 168.6 21.4 4
      vertex 101.4 68.6 4
      vertex 101.4 21.4 4
    endloop
  endfacet
  facet normal -0 0 1
    outer loop
      vertex -159.1 84.1 4
      vertex -30.9 -44.1 4
      vertex -30.9 84.1 4
    endloop
  endfacet
  facet normal 0 0 1
    outer loop
      vertex -30.9 -44.1 4
      vertex -159.1 84.1 4
      vertex -159.1 -44.1 4
    endloop
  endfacet
  facet normal -0 0 1
    outer loop
      vertex -11.6 79.6 4
      vertex 91.6 10.4 4
      vertex 91.6 79.6 4
    endloop
  endfacet
  facet normal 0 0 1
    outer loop
      vertex 91.6 10.4 4
      vertex -11.6 79.6 4
      vertex -11.6 10.4 4
    endloop
  endfacet
  facet normal 0 0 1
    outer loop
      vertex -162.1 -47.1 4
      vertex -167.548 -79.5123 4
      vertex -167.5 -80 4
    endloop
  endfacet
  facet normal 0 0 1
    outer loop
      vertex -162.1 -47.1 4
      vertex -167.69 -79.0433 4
      vertex -167.548 -79.5123 4
    endloop
  endfacet
  facet normal 0 0 1
    outer loop
      vertex -162.1 -47.1 4
      vertex -167.921 -78.6111 4
      vertex -167.69 -79.0433 4
    endloop
  endfacet
  facet normal 0 0 1
    outer loop
      vertex -162.1 -47.1 4
      vertex -168.232 -78.2322 4
      vertex -167.921 -78.6111 4
    endloop
  endfacet
  facet normal 0 0 1
    outer loop
      vertex -162.1 -47.1 4
      vertex -168.611 -77.9213 4
      vertex -168.232 -78.2322 4
    endloop
  endfacet
  facet normal 0 0 1
    outer loop
      vertex -162.1 -47.1 4
      vertex -169.043 -77.6903 4
      vertex -168.611 -77.9213 4
    endloop
  endfacet
  facet normal 0 0 1
    outer loop
      vertex -180 -90 4
      vertex -162.1 -47.1 4
      vertex -169.1 18.75 4
    endloop
  endfacet
  facet normal 0 0 1
    outer loop
      vertex -170.488 77.548 4
      vertex -169.1 21.25 4
      vertex -170 77.5 4
    endloop
  endfacet
  facet normal 0 0 1
    outer loop
      vertex -162.1 -47.1 4
      vertex -169.512 -77.548 4
      vertex -169.043 -77.6903 4
    endloop
  endfacet
  facet normal 0 0 1
    outer loop
      vertex -170.957 77.6903 4
      vertex -169.1 21.25 4
      vertex -170.488 77.548 4
    endloop
  endfacet
  facet normal 0 0 1
    outer loop
      vertex -162.1 -47.1 4
      vertex -170 -77.5 4
      vertex -169.512 -77.548 4
    endloop
  endfacet
  facet normal 0 0 1
    outer loop
      vertex -171.389 77.9213 4
      vertex -169.1 21.25 4
      vertex -170.957 77.6903 4
    endloop
  endfacet
  facet normal 0 0 1
    outer loop
      vertex -162.1 -47.1 4
      vertex -170.488 -77.548 4
      vertex -170 -77.5 4
    endloop
  endfacet
  facet normal 0 0 1
    outer loop
      vertex -171.768 78.2322 4
      vertex -169.1 21.25 4
      vertex -171.389 77.9213 4
    endloop
  endfacet
  facet normal 0 0 1
    outer loop
      vertex -162.1 -47.1 4
      vertex -170.957 -77.6903 4
      vertex -170.488 -77.548 4
    endloop
  endfacet
  facet normal 0 0 1
    outer loop
      vertex -172.079 78.6111 4
      vertex -169.1 21.25 4
      vertex -171.768 78.2322 4
    endloop
  endfacet
  facet normal 0 0 1
    outer loop
      vertex -162.1 -47.1 4
      vertex -171.389 -77.9213 4
      vertex -170.957 -77.6903 4
    endloop
  endfacet
  facet normal 0 0 1
    outer loop
      vertex -180 90 4
      vertex -169.1 21.25 4
      vertex -172.079 78.6111 4
    endloop
  endfacet
  facet normal 0 0 1
    outer loop
      vertex -162.1 -47.1 4
      vertex -171.768 -78.2322 4
      vertex -171.389 -77.9213 4
    endloop
  endfacet
  facet normal 0 0 1
    outer loop
      vertex -169.1 21.25 4
      vertex -180 90 4
      vertex -169.1 18.75 4
    endloop
  endfacet
  facet normal 0 0 1
    outer loop
      vertex -162.1 -47.1 4
      vertex -172.079 -78.6111 4
      vertex -171.768 -78.2322 4
    endloop
  endfacet
  facet normal 0 0 1
    outer loop
      vertex -180 90 4
      vertex -172.079 78.6111 4
      vertex -172.31 79.0433 4
    endloop
  endfacet
  facet normal 0 0 1
    outer loop
      vertex -180 -90 4
      vertex -169.1 18.75 4
      vertex -180 90 4
    endloop
  endfacet
  facet normal 0 0 1
    outer loop
      vertex -180 90 4
      vertex -172.31 79.0433 4
      vertex -172.452 79.5123 4
    endloop
  endfacet
  facet normal 0 0 1
    outer loop
      vertex -162.1 -47.1 4
      vertex -180 -90 4
      vertex -172.079 -78.6111 4
    endloop
  endfacet
  facet normal 0 0 1
    outer loop
      vertex -180 90 4
      vertex -172.452 79.5123 4
      vertex -172.5 80 4
    endloop
  endfacet
  facet normal 0 0 1
    outer loop
      vertex -172.079 -78.6111 4
      vertex -180 -90 4
      vertex -172.31 -79.0433 4
    endloop
  endfacet
  facet normal 0 0 1
    outer loop
      vertex 91.1 -23.9 4
      vertex 98.4 -13.4 4
      vertex 94.6 7.40001 4
    endloop
  endfacet
  facet normal 0 0 1
    outer loop
      vertex 98.4 -13.4 4
      vertex 91.1 -23.9 4
      vertex 98.1 -43.75 4
    endloop
  endfacet
  facet normal 0 0 1
    outer loop
      vertex 93.1 -43.75 4
      vertex 91.1 -23.9 4
      vertex 93.1 -46.25 4
    endloop
  endfacet
  facet normal 0 0 1
    outer loop
      vertex 98.1 -43.75 4
      vertex 91.1 -23.9 4
      vertex 93.1 -43.75 4
    endloop
  endfacet
  facet normal 0 0 1
    outer loop
      vertex 41.25 0.4 4
      vertex 94.6 7.40001 4
      vertex 41.25 5.4 4
    endloop
  endfacet
  facet normal 0 0 1
    outer loop
      vertex 94.6 7.40001 4
      vertex 38.75 5.4 4
      vertex 41.25 5.4 4
    endloop
  endfacet
  facet normal 0 0 1
    outer loop
      vertex -14.6 7.40001 4
      vertex 38.75 0.4 4
      vertex 38.75 5.4 4
    endloop
  endfacet
  facet normal 0 0 1
    outer loop
      vertex -11.1 -23.9 4
      vertex -13.1 -43.75 4
      vertex -11.1 -66.1 4
    endloop
  endfacet
  facet normal -0 0 1
    outer loop
      vertex -14.6 7.40001 4
      vertex 38.75 5.4 4
      vertex 94.6 7.40001 4
    endloop
  endfacet
  facet normal 0 0 1
    outer loop
      vertex 38.75 0.4 4
      vertex -14.6 7.40001 4
      vertex -11.1 -23.9 4
    endloop
  endfacet
  facet normal 0 0 1
    outer loop
      vertex -25.9 18.75 4
      vertex -11.1 -23.9 4
      vertex -14.6 7.40001 4
    endloop
  endfacet
  facet normal 0 0 1
    outer loop
      vertex -11.1 -23.9 4
      vertex -18.1 -43.75 4
      vertex -13.1 -43.75 4
    endloop
  endfacet
  facet normal -0 0 1
    outer loop
      vertex 41.25 84.6 4
      vertex 94.6 82.6 4
      vertex 41.25 89.6 4
    endloop
  endfacet
  facet normal -0 0 1
    outer loop
      vertex 38.75 84.6 4
      vertex 94.6 82.6 4
      vertex 41.25 84.6 4
    endloop
  endfacet
  facet normal 0 0 1
    outer loop
      vertex 94.6 82.6 4
      vertex 38.75 84.6 4
      vertex -14.6 82.6 4
    endloop
  endfacet
  facet normal 0 0 1
    outer loop
      vertex 94.6 7.40001 4
      vertex 41.25 0.4 4
      vertex 91.1 -23.9 4
    endloop
  endfacet
  facet normal -0 0 1
    outer loop
      vertex 38.75 0.4 4
      vertex 91.1 -23.9 4
      vertex 41.25 0.4 4
    endloop
  endfacet
  facet normal 0 0 1
    outer loop
      vertex 91.1 -23.9 4
      vertex 38.75 0.4 4
      vertex -11.1 -23.9 4
    endloop
  endfacet
  facet normal 0 0 1
    outer loop
      vertex -167.69 79.0433 4
      vertex -162.1 87.1 4
      vertex -167.548 79.5123 4
    endloop
  endfacet
  facet normal 0 0 1
    outer loop
      vertex -167.921 78.6111 4
      vertex -162.1 87.1 4
      vertex -167.69 79.0433 4
    endloop
  endfacet
  facet normal 0 0 1
    outer loop
      vertex -162.1 87.1 4
      vertex -167.921 78.6111 4
      vertex -164.1 21.25 4
    endloop
  endfacet
  facet normal -0 0 1
    outer loop
      vertex -168.232 78.2322 4
      vertex -164.1 21.25 4
      vertex -167.921 78.6111 4
    endloop
  endfacet
  facet normal -0 0 1
    outer loop
      vertex -168.611 77.9213 4
      vertex -164.1 21.25 4
      vertex -168.232 78.2322 4
    endloop
  endfacet
  facet normal -0 0 1
    outer loop
      vertex -169.043 77.6903 4
      vertex -164.1 21.25 4
      vertex -168.611 77.9213 4
    endloop
  endfacet
  facet normal -0 0 1
    outer loop
      vertex -169.512 77.548 4
      vertex -164.1 21.25 4
      vertex -169.043 77.6903 4
    endloop
  endfacet
  facet normal -0 0 1
    outer loop
      vertex -170 77.5 4
      vertex -169.1 21.25 4
      vertex -169.512 77.548 4
    endloop
  endfacet
  facet normal 0 0 1
    outer loop
      vertex -164.1 21.25 4
      vertex -169.512 77.548 4
      vertex -169.1 21.25 4
    endloop
  endfacet
  facet normal 0 0 1
    outer loop
      vertex 136.25 11.4 4
      vertex 171.6 18.4 4
      vertex 136.25 16.4 4
    endloop
  endfacet
  facet normal 0 0 1
    outer loop
      vertex 171.6 18.4 4
      vertex 133.75 16.4 4
      vertex 136.25 16.4 4
    endloop
  endfacet
  facet normal 0 0 1
    outer loop
      vertex 98.4 18.4 4
      vertex 133.75 11.4 4
      vertex 133.75 16.4 4
    endloop
  endfacet
  facet normal 0 0 1
    outer loop
      vertex 94.6 7.40001 4
      vertex 133.75 11.4 4
      vertex 98.4 18.4 4
    endloop
  endfacet
  facet normal 0 0 1
    outer loop
      vertex 133.75 11.4 4
      vertex 94.6 7.40001 4
      vertex 133.75 -6.4 4
    endloop
  endfacet
  facet normal -0 0 1
    outer loop
      vertex 98.4 18.4 4
      vertex 133.75 16.4 4
      vertex 171.6 18.4 4
    endloop
  endfacet
  facet normal 0 0 1
    outer loop
      vertex 180 90 4
      vertex 171.6 18.4 4
      vertex 180 -90 4
    endloop
  endfacet
  facet normal -0 0 1
    outer loop
      vertex 171.6 -13.4 4
      vertex 180 -90 4
      vertex 171.6 18.4 4
    endloop
  endfacet
  facet normal 0 0 1
    outer loop
      vertex 171.6 71.6 4
      vertex 172.452 79.5123 4
      vertex 172.31 79.0433 4
    endloop
  endfacet
  facet normal -0 0 1
    outer loop
      vertex 171.6 -66.6 4
      vertex 180 -90 4
      vertex 171.6 -13.4 4
    endloop
  endfacet
  facet normal 0 0 1
    outer loop
      vertex 171.6 71.6 4
      vertex 172.31 79.0433 4
      vertex 172.079 78.6111 4
    endloop
  endfacet
  facet normal -0 -0 1
    outer loop
      vertex 172.31 -79.0433 4
      vertex 180 -90 4
      vertex 171.6 -66.6 4
    endloop
  endfacet
  facet normal 0 0 1
    outer loop
      vertex 171.6 71.6 4
      vertex 172.079 78.6111 4
      vertex 171.768 78.2322 4
    endloop
  endfacet
  facet normal 0 0 1
    outer loop
      vertex 180 -90 4
      vertex 172.452 -79.5123 4
      vertex 172.5 -80 4
    endloop
  endfacet
  facet normal 0 0 1
    outer loop
      vertex 172.452 79.5123 4
      vertex 171.6 71.6 4
      vertex 171.6 18.4 4
    endloop
  endfacet
  facet normal -0 0 1
    outer loop
      vertex 171.389 77.9213 4
      vertex 171.6 71.6 4
      vertex 171.768 78.2322 4
    endloop
  endfacet
  facet normal -0 0 1
    outer loop
      vertex 170.957 77.6903 4
      vertex 171.6 71.6 4
      vertex 171.389 77.9213 4
    endloop
  endfacet
  facet normal -0 0 1
    outer loop
      vertex 170.488 77.548 4
      vertex 171.6 71.6 4
      vertex 170.957 77.6903 4
    endloop
  endfacet
  facet normal -0 0 1
    outer loop
      vertex 170 77.5 4
      vertex 171.6 71.6 4
      vertex 170.488 77.548 4
    endloop
  endfacet
  facet normal 0 0 1
    outer loop
      vertex 169.512 77.548 4
      vertex 171.6 71.6 4
      vertex 170 77.5 4
    endloop
  endfacet
  facet normal 0 0 1
    outer loop
      vertex 169.043 77.6903 4
      vertex 171.6 71.6 4
      vertex 169.512 77.548 4
    endloop
  endfacet
  facet normal 0 0 1
    outer loop
      vertex 168.611 77.9213 4
      vertex 171.6 71.6 4
      vertex 169.043 77.6903 4
    endloop
  endfacet
  facet normal 0 0 1
    outer loop
      vertex 168.232 78.2322 4
      vertex 171.6 71.6 4
      vertex 168.611 77.9213 4
    endloop
  endfacet
  facet normal 0 0 1
    outer loop
      vertex 167.921 78.6111 4
      vertex 171.6 71.6 4
      vertex 168.232 78.2322 4
    endloop
  endfacet
  facet normal 0 0 1
    outer loop
      vertex 136.25 73.6 4
      vertex 167.921 78.6111 4
      vertex 167.69 79.0433 4
    endloop
  endfacet
  facet normal 0 0 1
    outer loop
      vertex 136.25 78.6 4
      vertex 167.548 79.5123 4
      vertex 167.5 80 4
    endloop
  endfacet
  facet normal 0 0 1
    outer loop
      vertex 136.25 73.6 4
      vertex 167.548 79.5123 4
      vertex 136.25 78.6 4
    endloop
  endfacet
  facet normal 0 0 1
    outer loop
      vertex 167.548 79.5123 4
      vertex 136.25 73.6 4
      vertex 167.69 79.0433 4
    endloop
  endfacet
  facet normal 0 0 1
    outer loop
      vertex 167.921 78.6111 4
      vertex 136.25 73.6 4
      vertex 171.6 71.6 4
    endloop
  endfacet
  facet normal -0 0 1
    outer loop
      vertex 133.75 73.6 4
      vertex 171.6 71.6 4
      vertex 136.25 73.6 4
    endloop
  endfacet
  facet normal 0 0 1
    outer loop
      vertex 171.6 71.6 4
      vertex 133.75 73.6 4
      vertex 98.4 71.6 4
    endloop
  endfacet
  facet normal 0 0 1
    outer loop
      vertex 172.452 79.5123 4
      vertex 180 90 4
      vertex 172.5 80 4
    endloop
  endfacet
  facet normal 0 0 1
    outer loop
      vertex 180 90 4
      vertex 172.452 80.4877 4
      vertex 172.5 80 4
    endloop
  endfacet
  facet normal 0 0 1
    outer loop
      vertex 180 90 4
      vertex 172.31 80.9567 4
      vertex 172.452 80.4877 4
    endloop
  endfacet
  facet normal 0 0 1
    outer loop
      vertex 180 90 4
      vertex 172.079 81.3889 4
      vertex 172.31 80.9567 4
    endloop
  endfacet
  facet normal 0 0 1
    outer loop
      vertex 180 90 4
      vertex 171.768 81.7678 4
      vertex 172.079 81.3889 4
    endloop
  endfacet
  facet normal 0 0 1
    outer loop
      vertex 180 90 4
      vertex 171.389 82.0787 4
      vertex 171.768 81.7678 4
    endloop
  endfacet
  facet normal 0 0 1
    outer loop
      vertex 180 90 4
      vertex 170.957 82.3097 4
      vertex 171.389 82.0787 4
    endloop
  endfacet
  facet normal 0 0 1
    outer loop
      vertex 180 90 4
      vertex 170.488 82.452 4
      vertex 170.957 82.3097 4
    endloop
  endfacet
  facet normal 0 0 1
    outer loop
      vertex 180 90 4
      vertex 170 82.5 4
      vertex 170.488 82.452 4
    endloop
  endfacet
  facet normal 0 0 1
    outer loop
      vertex 180 90 4
      vertex 169.512 82.452 4
      vertex 170 82.5 4
    endloop
  endfacet
  facet normal 0 0 1
    outer loop
      vertex 180 90 4
      vertex 169.043 82.3097 4
      vertex 169.512 82.452 4
    endloop
  endfacet
  facet normal 0 0 1
    outer loop
      vertex 136.25 78.6 4
      vertex 169.043 82.3097 4
      vertex 180 90 4
    endloop
  endfacet
  facet normal 0 0 1
    outer loop
      vertex 167.548 80.4877 4
      vertex 136.25 78.6 4
      vertex 167.5 80 4
    endloop
  endfacet
  facet normal 0 0 1
    outer loop
      vertex 167.69 80.9567 4
      vertex 136.25 78.6 4
      vertex 167.548 80.4877 4
    endloop
  endfacet
  facet normal 0 0 1
    outer loop
      vertex 167.921 81.3889 4
      vertex 136.25 78.6 4
      vertex 167.69 80.9567 4
    endloop
  endfacet
  facet normal 0 0 1
    outer loop
      vertex 168.232 81.7678 4
      vertex 136.25 78.6 4
      vertex 167.921 81.3889 4
    endloop
  endfacet
  facet normal 0 0 1
    outer loop
      vertex 168.611 82.0787 4
      vertex 136.25 78.6 4
      vertex 168.232 81.7678 4
    endloop
  endfacet
  facet normal 0 0 1
    outer loop
      vertex 169.043 82.3097 4
      vertex 136.25 78.6 4
      vertex 168.611 82.0787 4
    endloop
  endfacet
  facet normal 0 0 1
    outer loop
      vertex 180 90 4
      vertex 133.75 78.6 4
      vertex 136.25 78.6 4
    endloop
  endfacet
  facet normal 0 0 1
    outer loop
      vertex 133.75 78.6 4
      vertex 98.4 71.6 4
      vertex 133.75 73.6 4
    endloop
  endfacet
  facet normal -0 0 1
    outer loop
      vertex 94.6 82.6 4
      vertex 133.75 78.6 4
      vertex 180 90 4
    endloop
  endfacet
  facet normal 0 0 1
    outer loop
      vertex 94.6 82.6 4
      vertex 98.4 18.4 4
      vertex 98.4 71.6 4
    endloop
  endfacet
  facet normal 0 0 1
    outer loop
      vertex 94.6 7.40001 4
      vertex 98.4 18.4 4
      vertex 94.6 82.6 4
    endloop
  endfacet
  facet normal 0 0 1
    outer loop
      vertex 98.4 -13.4 4
      vertex 98.1 -43.75 4
      vertex 98.4 -66.6 4
    endloop
  endfacet
  facet normal 0 0 1
    outer loop
      vertex 133.75 -6.4 4
      vertex 94.6 7.40001 4
      vertex 98.4 -13.4 4
    endloop
  endfacet
  facet normal 0 0 1
    outer loop
      vertex 133.75 78.6 4
      vertex 94.6 82.6 4
      vertex 98.4 71.6 4
    endloop
  endfacet
  facet normal 0 0 1
    outer loop
      vertex 180 90 4
      vertex 41.25 89.6 4
      vertex 94.6 82.6 4
    endloop
  endfacet
  facet normal 0 0 1
    outer loop
      vertex 180 90 4
      vertex 38.75 89.6 4
      vertex 41.25 89.6 4
    endloop
  endfacet
  facet normal 0 0 1
    outer loop
      vertex 38.75 89.6 4
      vertex -14.6 82.6 4
      vertex 38.75 84.6 4
    endloop
  endfacet
  facet normal -0 0 1
    outer loop
      vertex -20.9 21.25 4
      vertex -14.6 7.40001 4
      vertex -14.6 82.6 4
    endloop
  endfacet
  facet normal -0 0 1
    outer loop
      vertex -25.9 18.75 4
      vertex -14.6 7.40001 4
      vertex -20.9 18.75 4
    endloop
  endfacet
  facet normal 0 0 1
    outer loop
      vertex -14.6 7.40001 4
      vertex -20.9 21.25 4
      vertex -20.9 18.75 4
    endloop
  endfacet
  facet normal 0 0 1
    outer loop
      vertex -14.6 82.6 4
      vertex -25.9 21.25 4
      vertex -20.9 21.25 4
    endloop
  endfacet
  facet normal 0 0 1
    outer loop
      vertex -25.9 21.25 4
      vertex -27.9 87.1 4
      vertex -25.9 18.75 4
    endloop
  endfacet
  facet normal 0 0 1
    outer loop
      vertex -14.6 82.6 4
      vertex -27.9 87.1 4
      vertex -25.9 21.25 4
    endloop
  endfacet
  facet normal 0 0 1
    outer loop
      vertex 38.75 89.6 4
      vertex -27.9 87.1 4
      vertex -14.6 82.6 4
    endloop
  endfacet
  facet normal 0 0 1
    outer loop
      vertex -180 90 4
      vertex -27.9 87.1 4
      vertex 38.75 89.6 4
    endloop
  endfacet
  facet normal 0 0 1
    outer loop
      vertex -162.1 87.1 4
      vertex -164.1 21.25 4
      vertex -162.1 -47.1 4
    endloop
  endfacet
  facet normal 0 0 1
    outer loop
      vertex -167.548 79.5123 4
      vertex -162.1 87.1 4
      vertex -167.5 80 4
    endloop
  endfacet
  facet normal 0 0 1
    outer loop
      vertex -162.1 87.1 4
      vertex -167.548 80.4877 4
      vertex -167.5 80 4
    endloop
  endfacet
  facet normal 0 0 1
    outer loop
      vertex -162.1 87.1 4
      vertex -167.69 80.9567 4
      vertex -167.548 80.4877 4
    endloop
  endfacet
  facet normal 0 0 1
    outer loop
      vertex -162.1 87.1 4
      vertex -167.921 81.3889 4
      vertex -167.69 80.9567 4
    endloop
  endfacet
  facet normal 0 0 1
    outer loop
      vertex -162.1 87.1 4
      vertex -168.232 81.7678 4
      vertex -167.921 81.3889 4
    endloop
  endfacet
  facet normal 0 0 1
    outer loop
      vertex -162.1 87.1 4
      vertex -168.611 82.0787 4
      vertex -168.232 81.7678 4
    endloop
  endfacet
  facet normal 0 0 1
    outer loop
      vertex -162.1 87.1 4
      vertex -169.043 82.3097 4
      vertex -168.611 82.0787 4
    endloop
  endfacet
  facet normal 0 0 1
    outer loop
      vertex -162.1 87.1 4
      vertex -169.512 82.452 4
      vertex -169.043 82.3097 4
    endloop
  endfacet
  facet normal 0 0 1
    outer loop
      vertex -162.1 87.1 4
      vertex -170 82.5 4
      vertex -169.512 82.452 4
    endloop
  endfacet
  facet normal 0 0 1
    outer loop
      vertex -180 90 4
      vertex -170 82.5 4
      vertex -162.1 87.1 4
    endloop
  endfacet
  facet normal 0 0 1
    outer loop
      vertex -170 82.5 4
      vertex -180 90 4
      vertex -170.488 82.452 4
    endloop
  endfacet
  facet normal 0 0 1
    outer loop
      vertex -170.488 82.452 4
      vertex -180 90 4
      vertex -170.957 82.3097 4
    endloop
  endfacet
  facet normal 0 0 1
    outer loop
      vertex -172.31 -79.0433 4
      vertex -180 -90 4
      vertex -172.452 -79.5123 4
    endloop
  endfacet
  facet normal 0 0 1
    outer loop
      vertex -172.452 80.4877 4
      vertex -180 90 4
      vertex -172.5 80 4
    endloop
  endfacet
  facet normal 0 0 1
    outer loop
      vertex -172.31 80.9567 4
      vertex -180 90 4
      vertex -172.452 80.4877 4
    endloop
  endfacet
  facet normal 0 0 1
    outer loop
      vertex -172.079 81.3889 4
      vertex -180 90 4
      vertex -172.31 80.9567 4
    endloop
  endfacet
  facet normal 0 0 1
    outer loop
      vertex -171.768 81.7678 4
      vertex -180 90 4
      vertex -172.079 81.3889 4
    endloop
  endfacet
  facet normal 0 0 1
    outer loop
      vertex -171.389 82.0787 4
      vertex -180 90 4
      vertex -171.768 81.7678 4
    endloop
  endfacet
  facet normal 0 0 1
    outer loop
      vertex -170.957 82.3097 4
      vertex -180 90 4
      vertex -171.389 82.0787 4
    endloop
  endfacet
  facet normal 0 0 1
    outer loop
      vertex -27.9 87.1 4
      vertex -180 90 4
      vertex -162.1 87.1 4
    endloop
  endfacet
  facet normal -0 0 1
    outer loop
      vertex -180 90 4
      vertex 38.75 89.6 4
      vertex 180 90 4
    endloop
  endfacet
  facet normal 0 0 1
    outer loop
      vertex 171.6 18.4 4
      vertex 180 90 4
      vertex 172.452 79.5123 4
    endloop
  endfacet
  facet normal -0 0 1
    outer loop
      vertex 172.452 -80.4877 4
      vertex 180 -90 4
      vertex 172.5 -80 4
    endloop
  endfacet
  facet normal -0 0 1
    outer loop
      vertex 172.31 -80.9567 4
      vertex 180 -90 4
      vertex 172.452 -80.4877 4
    endloop
  endfacet
  facet normal -0 0 1
    outer loop
      vertex 172.079 -81.3889 4
      vertex 180 -90 4
      vertex 172.31 -80.9567 4
    endloop
  endfacet
  facet normal -0 0 1
    outer loop
      vertex 171.768 -81.7678 4
      vertex 180 -90 4
      vertex 172.079 -81.3889 4
    endloop
  endfacet
  facet normal -0 0 1
    outer loop
      vertex 171.389 -82.0787 4
      vertex 180 -90 4
      vertex 171.768 -81.7678 4
    endloop
  endfacet
  facet normal -0 0 1
    outer loop
      vertex 170.957 -82.3097 4
      vertex 180 -90 4
      vertex 171.389 -82.0787 4
    endloop
  endfacet
  facet normal -0 0 1
    outer loop
      vertex 170.488 -82.452 4
      vertex 180 -90 4
      vertex 170.957 -82.3097 4
    endloop
  endfacet
  facet normal -0 0 1
    outer loop
      vertex 170 -82.5 4
      vertex 180 -90 4
      vertex 170.488 -82.452 4
    endloop
  endfacet
  facet normal 0 0 1
    outer loop
      vertex 169.512 -82.452 4
      vertex 180 -90 4
      vertex 170 -82.5 4
    endloop
  endfacet
  facet normal 0 0 1
    outer loop
      vertex 169.043 -82.3097 4
      vertex 180 -90 4
      vertex 169.512 -82.452 4
    endloop
  endfacet
  facet normal 0 0 1
    outer loop
      vertex 168.611 -82.0787 4
      vertex 180 -90 4
      vertex 169.043 -82.3097 4
    endloop
  endfacet
  facet normal 0 0 1
    outer loop
      vertex 167.548 -79.5123 4
      vertex 136.25 -73.6 4
      vertex 167.5 -80 4
    endloop
  endfacet
  facet normal 0 0 1
    outer loop
      vertex 167.5 -80 4
      vertex 136.25 -73.6 4
      vertex 167.548 -80.4877 4
    endloop
  endfacet
  facet normal 0 0 1
    outer loop
      vertex 167.548 -80.4877 4
      vertex 136.25 -73.6 4
      vertex 167.69 -80.9567 4
    endloop
  endfacet
  facet normal 0 0 1
    outer loop
      vertex 167.69 -80.9567 4
      vertex 136.25 -73.6 4
      vertex 167.921 -81.3889 4
    endloop
  endfacet
  facet normal 0 0 1
    outer loop
      vertex 167.921 -81.3889 4
      vertex 136.25 -73.6 4
      vertex 168.232 -81.7678 4
    endloop
  endfacet
  facet normal 0 0 1
    outer loop
      vertex 168.232 -81.7678 4
      vertex 136.25 -73.6 4
      vertex 168.611 -82.0787 4
    endloop
  endfacet
  facet normal 0 0 1
    outer loop
      vertex 168.611 -82.0787 4
      vertex 136.25 -73.6 4
      vertex 180 -90 4
    endloop
  endfacet
  facet normal -0 0 1
    outer loop
      vertex 133.75 -73.6 4
      vertex 180 -90 4
      vertex 136.25 -73.6 4
    endloop
  endfacet
  facet normal 0 0 1
    outer loop
      vertex 91.1 -66.1 4
      vertex 133.75 -73.6 4
      vertex 98.4 -66.6 4
    endloop
  endfacet
  facet normal -0 0 1
    outer loop
      vertex 98.1 -46.25 4
      vertex 98.4 -66.6 4
      vertex 98.1 -43.75 4
    endloop
  endfacet
  facet normal -0 0 1
    outer loop
      vertex 93.1 -46.25 4
      vertex 98.4 -66.6 4
      vertex 98.1 -46.25 4
    endloop
  endfacet
  facet normal 0 0 1
    outer loop
      vertex 91.1 -66.1 4
      vertex 93.1 -46.25 4
      vertex 91.1 -23.9 4
    endloop
  endfacet
  facet normal -0 0 1
    outer loop
      vertex 91.1 -66.1 4
      vertex 98.4 -66.6 4
      vertex 93.1 -46.25 4
    endloop
  endfacet
  facet normal 0 0 1
    outer loop
      vertex 133.75 -73.6 4
      vertex 91.1 -66.1 4
      vertex 180 -90 4
    endloop
  endfacet
  facet normal -0 0 1
    outer loop
      vertex -11.1 -66.1 4
      vertex 180 -90 4
      vertex 91.1 -66.1 4
    endloop
  endfacet
  facet normal -0 0 1
    outer loop
      vertex -13.1 -46.25 4
      vertex -11.1 -66.1 4
      vertex -13.1 -43.75 4
    endloop
  endfacet
  facet normal -0 0 1
    outer loop
      vertex -18.1 -46.25 4
      vertex -11.1 -66.1 4
      vertex -13.1 -46.25 4
    endloop
  endfacet
  facet normal 0 0 1
    outer loop
      vertex -11.1 -23.9 4
      vertex -25.9 18.75 4
      vertex -27.9 -47.1 4
    endloop
  endfacet
  facet normal 0 0 1
    outer loop
      vertex -11.1 -23.9 4
      vertex -27.9 -47.1 4
      vertex -18.1 -43.75 4
    endloop
  endfacet
  facet normal 0 0 1
    outer loop
      vertex -27.9 -47.1 4
      vertex -25.9 18.75 4
      vertex -27.9 87.1 4
    endloop
  endfacet
  facet normal 0 0 1
    outer loop
      vertex -18.1 -43.75 4
      vertex -27.9 -47.1 4
      vertex -18.1 -46.25 4
    endloop
  endfacet
  facet normal -0 0 1
    outer loop
      vertex -27.9 -47.1 4
      vertex -11.1 -66.1 4
      vertex -18.1 -46.25 4
    endloop
  endfacet
  facet normal 0 0 1
    outer loop
      vertex -167.5 -80 4
      vertex -27.9 -47.1 4
      vertex -162.1 -47.1 4
    endloop
  endfacet
  facet normal -0 0 1
    outer loop
      vertex -164.1 18.75 4
      vertex -162.1 -47.1 4
      vertex -164.1 21.25 4
    endloop
  endfacet
  facet normal -0 0 1
    outer loop
      vertex -169.1 18.75 4
      vertex -162.1 -47.1 4
      vertex -164.1 18.75 4
    endloop
  endfacet
  facet normal 0 0 1
    outer loop
      vertex -167.548 -80.4877 4
      vertex -27.9 -47.1 4
      vertex -167.5 -80 4
    endloop
  endfacet
  facet normal 0 0 1
    outer loop
      vertex -167.69 -80.9567 4
      vertex -27.9 -47.1 4
      vertex -167.548 -80.4877 4
    endloop
  endfacet
  facet normal 0 0 1
    outer loop
      vertex -27.9 -47.1 4
      vertex -167.69 -80.9567 4
      vertex -11.1 -66.1 4
    endloop
  endfacet
  facet normal 0 0 1
    outer loop
      vertex -167.921 -81.3889 4
      vertex -11.1 -66.1 4
      vertex -167.69 -80.9567 4
    endloop
  endfacet
  facet normal 0 0 1
    outer loop
      vertex -168.232 -81.7678 4
      vertex -11.1 -66.1 4
      vertex -167.921 -81.3889 4
    endloop
  endfacet
  facet normal 0 0 1
    outer loop
      vertex -168.611 -82.0787 4
      vertex -11.1 -66.1 4
      vertex -168.232 -81.7678 4
    endloop
  endfacet
  facet normal 0 0 1
    outer loop
      vertex -180 -90 4
      vertex -11.1 -66.1 4
      vertex -168.611 -82.0787 4
    endloop
  endfacet
  facet normal 0 0 1
    outer loop
      vertex -180 -90 4
      vertex -168.611 -82.0787 4
      vertex -169.043 -82.3097 4
    endloop
  endfacet
  facet normal 0 0 1
    outer loop
      vertex -180 -90 4
      vertex -169.043 -82.3097 4
      vertex -169.512 -82.452 4
    endloop
  endfacet
  facet normal 0 0 1
    outer loop
      vertex -180 -90 4
      vertex -169.512 -82.452 4
      vertex -170 -82.5 4
    endloop
  endfacet
  facet normal 0 0 1
    outer loop
      vertex -11.1 -66.1 4
      vertex -180 -90 4
      vertex 180 -90 4
    endloop
  endfacet
  facet normal 0 0 1
    outer loop
      vertex -170.488 -82.452 4
      vertex -180 -90 4
      vertex -170 -82.5 4
    endloop
  endfacet
  facet normal 0 0 1
    outer loop
      vertex -170.957 -82.3097 4
      vertex -180 -90 4
      vertex -170.488 -82.452 4
    endloop
  endfacet
  facet normal 0 0 1
    outer loop
      vertex -171.389 -82.0787 4
      vertex -180 -90 4
      vertex -170.957 -82.3097 4
    endloop
  endfacet
  facet normal 0 0 1
    outer loop
      vertex -171.768 -81.7678 4
      vertex -180 -90 4
      vertex -171.389 -82.0787 4
    endloop
  endfacet
  facet normal 0 0 1
    outer loop
      vertex -172.079 -81.3889 4
      vertex -180 -90 4
      vertex -171.768 -81.7678 4
    endloop
  endfacet
  facet normal 0 0 1
    outer loop
      vertex -172.31 -80.9567 4
      vertex -180 -90 4
      vertex -172.079 -81.3889 4
    endloop
  endfacet
  facet normal 0 0 1
    outer loop
      vertex -172.452 -80.4877 4
      vertex -180 -90 4
      vertex -172.31 -80.9567 4
    endloop
  endfacet
  facet normal 0 0 1
    outer loop
      vertex -172.5 -80 4
      vertex -180 -90 4
      vertex -172.452 -80.4877 4
    endloop
  endfacet
  facet normal 0 0 1
    outer loop
      vertex -172.452 -79.5123 4
      vertex -180 -90 4
      vertex -172.5 -80 4
    endloop
  endfacet
  facet normal 0 0 1
    outer loop
      vertex 180 -90 4
      vertex 172.31 -79.0433 4
      vertex 172.452 -79.5123 4
    endloop
  endfacet
  facet normal 0 0 1
    outer loop
      vertex 172.31 -79.0433 4
      vertex 171.6 -66.6 4
      vertex 172.079 -78.6111 4
    endloop
  endfacet
  facet normal 0 0 1
    outer loop
      vertex 172.079 -78.6111 4
      vertex 171.6 -66.6 4
      vertex 171.768 -78.2322 4
    endloop
  endfacet
  facet normal 0 0 1
    outer loop
      vertex 171.6 -66.6 4
      vertex 171.389 -77.9213 4
      vertex 171.768 -78.2322 4
    endloop
  endfacet
  facet normal 0 0 1
    outer loop
      vertex 171.6 -66.6 4
      vertex 170.957 -77.6903 4
      vertex 171.389 -77.9213 4
    endloop
  endfacet
  facet normal 0 0 1
    outer loop
      vertex 171.6 -66.6 4
      vertex 170.488 -77.548 4
      vertex 170.957 -77.6903 4
    endloop
  endfacet
  facet normal 0 0 1
    outer loop
      vertex 171.6 -66.6 4
      vertex 170 -77.5 4
      vertex 170.488 -77.548 4
    endloop
  endfacet
  facet normal 0 0 1
    outer loop
      vertex 171.6 -66.6 4
      vertex 169.512 -77.548 4
      vertex 170 -77.5 4
    endloop
  endfacet
  facet normal 0 0 1
    outer loop
      vertex 171.6 -66.6 4
      vertex 169.043 -77.6903 4
      vertex 169.512 -77.548 4
    endloop
  endfacet
  facet normal 0 0 1
    outer loop
      vertex 171.6 -66.6 4
      vertex 168.611 -77.9213 4
      vertex 169.043 -77.6903 4
    endloop
  endfacet
  facet normal 0 0 1
    outer loop
      vertex 171.6 -66.6 4
      vertex 168.232 -78.2322 4
      vertex 168.611 -77.9213 4
    endloop
  endfacet
  facet normal 0 0 1
    outer loop
      vertex 171.6 -66.6 4
      vertex 167.921 -78.6111 4
      vertex 168.232 -78.2322 4
    endloop
  endfacet
  facet normal -0 0 1
    outer loop
      vertex 136.25 -68.6 4
      vertex 167.921 -78.6111 4
      vertex 171.6 -66.6 4
    endloop
  endfacet
  facet normal 0 0 1
    outer loop
      vertex 167.69 -79.0433 4
      vertex 136.25 -73.6 4
      vertex 167.548 -79.5123 4
    endloop
  endfacet
  facet normal -0 0 1
    outer loop
      vertex 136.25 -73.6 4
      vertex 167.69 -79.0433 4
      vertex 136.25 -68.6 4
    endloop
  endfacet
  facet normal 0 0 1
    outer loop
      vertex 167.921 -78.6111 4
      vertex 136.25 -68.6 4
      vertex 167.69 -79.0433 4
    endloop
  endfacet
  facet normal 0 0 1
    outer loop
      vertex 171.6 -66.6 4
      vertex 133.75 -68.6 4
      vertex 136.25 -68.6 4
    endloop
  endfacet
  facet normal 0 0 1
    outer loop
      vertex 133.75 -68.6 4
      vertex 98.4 -66.6 4
      vertex 133.75 -73.6 4
    endloop
  endfacet
  facet normal -0 0 1
    outer loop
      vertex 98.4 -66.6 4
      vertex 133.75 -68.6 4
      vertex 171.6 -66.6 4
    endloop
  endfacet
  facet normal -0 0 1
    outer loop
      vertex 133.75 11.4 4
      vertex 136.25 -6.4 4
      vertex 136.25 11.4 4
    endloop
  endfacet
  facet normal 0 0 1
    outer loop
      vertex 136.25 -6.4 4
      vertex 133.75 11.4 4
      vertex 133.75 -6.4 4
    endloop
  endfacet
  facet normal 0 0 1
    outer loop
      vertex 171.6 18.4 4
      vertex 136.25 11.4 4
      vertex 171.6 -13.4 4
    endloop
  endfacet
  facet normal -0 0 1
    outer loop
      vertex 136.25 -6.4 4
      vertex 171.6 -13.4 4
      vertex 136.25 11.4 4
    endloop
  endfacet
  facet normal -0 0 1
    outer loop
      vertex 136.25 -11.4 4
      vertex 171.6 -13.4 4
      vertex 136.25 -6.4 4
    endloop
  endfacet
  facet normal -0 0 1
    outer loop
      vertex 133.75 -11.4 4
      vertex 171.6 -13.4 4
      vertex 136.25 -11.4 4
    endloop
  endfacet
  facet normal 0 0 1
    outer loop
      vertex 133.75 -11.4 4
      vertex 98.4 -13.4 4
      vertex 171.6 -13.4 4
    endloop
  endfacet
  facet normal 0 0 1
    outer loop
      vertex 133.75 -6.4 4
      vertex 98.4 -13.4 4
      vertex 133.75 -11.4 4
    endloop
  endfacet
  facet normal 0 0 -1
    outer loop
      vertex -25.9 21.25 0
      vertex -167.548 79.5123 0
      vertex -167.5 80 0
    endloop
  endfacet
  facet normal 0 0 -1
    outer loop
      vertex -25.9 21.25 0
      vertex -167.69 79.0433 0
      vertex -167.548 79.5123 0
    endloop
  endfacet
  facet normal 0 0 -1
    outer loop
      vertex -164.1 21.25 0
      vertex -167.921 78.6111 0
      vertex -167.69 79.0433 0
    endloop
  endfacet
  facet normal 0 0 -1
    outer loop
      vertex -164.1 21.25 0
      vertex -168.232 78.2322 0
      vertex -167.921 78.6111 0
    endloop
  endfacet
  facet normal 0 0 -1
    outer loop
      vertex -164.1 21.25 0
      vertex -168.611 77.9213 0
      vertex -168.232 78.2322 0
    endloop
  endfacet
  facet normal 0 0 -1
    outer loop
      vertex -164.1 21.25 0
      vertex -169.043 77.6903 0
      vertex -168.611 77.9213 0
    endloop
  endfacet
  facet normal 0 0 -1
    outer loop
      vertex -169.512 77.548 0
      vertex -164.1 21.25 0
      vertex -169.1 21.25 0
    endloop
  endfacet
  facet normal 0 0 -1
    outer loop
      vertex -170.488 -77.548 0
      vertex -169.1 18.75 0
      vertex -170 -77.5 0
    endloop
  endfacet
  facet normal 0 0 -1
    outer loop
      vertex -164.1 21.25 0
      vertex -169.512 77.548 0
      vertex -169.043 77.6903 0
    endloop
  endfacet
  facet normal 0 0 -1
    outer loop
      vertex -170.957 -77.6903 0
      vertex -169.1 18.75 0
      vertex -170.488 -77.548 0
    endloop
  endfacet
  facet normal 0 0 -1
    outer loop
      vertex -169.1 21.25 0
      vertex -170 77.5 0
      vertex -169.512 77.548 0
    endloop
  endfacet
  facet normal 0 0 -1
    outer loop
      vertex -171.389 -77.9213 0
      vertex -169.1 18.75 0
      vertex -170.957 -77.6903 0
    endloop
  endfacet
  facet normal 0 0 -1
    outer loop
      vertex -169.1 21.25 0
      vertex -170.488 77.548 0
      vertex -170 77.5 0
    endloop
  endfacet
  facet normal 0 0 -1
    outer loop
      vertex -171.768 -78.2322 0
      vertex -169.1 18.75 0
      vertex -171.389 -77.9213 0
    endloop
  endfacet
  facet normal 0 0 -1
    outer loop
      vertex -169.1 21.25 0
      vertex -170.957 77.6903 0
      vertex -170.488 77.548 0
    endloop
  endfacet
  facet normal 0 0 -1
    outer loop
      vertex -172.079 -78.6111 0
      vertex -169.1 18.75 0
      vertex -171.768 -78.2322 0
    endloop
  endfacet
  facet normal 0 0 -1
    outer loop
      vertex -169.1 21.25 0
      vertex -171.389 77.9213 0
      vertex -170.957 77.6903 0
    endloop
  endfacet
  facet normal 0 0 -1
    outer loop
      vertex -180 -90 0
      vertex -169.1 18.75 0
      vertex -172.079 -78.6111 0
    endloop
  endfacet
  facet normal 0 0 -1
    outer loop
      vertex -169.1 21.25 0
      vertex -171.768 78.2322 0
      vertex -171.389 77.9213 0
    endloop
  endfacet
  facet normal 0 0 -1
    outer loop
      vertex -180 90 0
      vertex -169.1 18.75 0
      vertex -180 -90 0
    endloop
  endfacet
  facet normal 0 0 -1
    outer loop
      vertex -169.1 21.25 0
      vertex -172.079 78.6111 0
      vertex -171.768 78.2322 0
    endloop
  endfacet
  facet normal 0 0 -1
    outer loop
      vertex -180 -90 0
      vertex -172.079 -78.6111 0
      vertex -172.31 -79.0433 0
    endloop
  endfacet
  facet normal 0 0 -1
    outer loop
      vertex -169.1 18.75 0
      vertex -180 90 0
      vertex -169.1 21.25 0
    endloop
  endfacet
  facet normal 0 0 -1
    outer loop
      vertex -180 -90 0
      vertex -172.31 -79.0433 0
      vertex -172.452 -79.5123 0
    endloop
  endfacet
  facet normal 0 0 -1
    outer loop
      vertex -169.1 21.25 0
      vertex -180 90 0
      vertex -172.079 78.6111 0
    endloop
  endfacet
  facet normal 0 0 -1
    outer loop
      vertex -180 -90 0
      vertex -172.452 -79.5123 0
      vertex -172.5 -80 0
    endloop
  endfacet
  facet normal 0 0 -1
    outer loop
      vertex -172.079 78.6111 0
      vertex -180 90 0
      vertex -172.31 79.0433 0
    endloop
  endfacet
  facet normal 0 0 -1
    outer loop
      vertex 38.75 5.4 0
      vertex 41.25 84.6 0
      vertex 41.25 5.4 0
    endloop
  endfacet
  facet normal -0 0 -1
    outer loop
      vertex 41.25 84.6 0
      vertex 38.75 5.4 0
      vertex 38.75 84.6 0
    endloop
  endfacet
  facet normal 0 0 -1
    outer loop
      vertex 133.75 16.4 0
      vertex 136.25 73.6 0
      vertex 136.25 16.4 0
    endloop
  endfacet
  facet normal -0 0 -1
    outer loop
      vertex 136.25 73.6 0
      vertex 133.75 16.4 0
      vertex 133.75 73.6 0
    endloop
  endfacet
  facet normal 0 0 -1
    outer loop
      vertex 133.75 -6.4 0
      vertex 136.25 11.4 0
      vertex 136.25 -6.4 0
    endloop
  endfacet
  facet normal -0 0 -1
    outer loop
      vertex 136.25 11.4 0
      vertex 133.75 -6.4 0
      vertex 133.75 11.4 0
    endloop
  endfacet
  facet normal 0 0 -1
    outer loop
      vertex 133.75 -68.6 0
      vertex 136.25 -11.4 0
      vertex 136.25 -68.6 0
    endloop
  endfacet
  facet normal -0 0 -1
    outer loop
      vertex 136.25 -11.4 0
      vertex 133.75 -68.6 0
      vertex 133.75 -11.4 0
    endloop
  endfacet
  facet normal 0 0 -1
    outer loop
      vertex 172.079 -78.6111 0
      vertex 180 -90 0
      vertex 172.31 -79.0433 0
    endloop
  endfacet
  facet normal 0 0 -1
    outer loop
      vertex 180 90 0
      vertex 172.452 79.5123 0
      vertex 172.5 80 0
    endloop
  endfacet
  facet normal 0 0 -1
    outer loop
      vertex 180 -90 0
      vertex 172.079 -78.6111 0
      vertex 180 90 0
    endloop
  endfacet
  facet normal 0 0 -1
    outer loop
      vertex 180 90 0
      vertex 172.31 79.0433 0
      vertex 172.452 79.5123 0
    endloop
  endfacet
  facet normal 0 0 -1
    outer loop
      vertex 172.079 78.6111 0
      vertex 180 90 0
      vertex 172.079 -78.6111 0
    endloop
  endfacet
  facet normal 0 0 -1
    outer loop
      vertex 180 90 0
      vertex 172.079 78.6111 0
      vertex 172.31 79.0433 0
    endloop
  endfacet
  facet normal 0 0 -1
    outer loop
      vertex 171.768 -78.2322 0
      vertex 172.079 78.6111 0
      vertex 172.079 -78.6111 0
    endloop
  endfacet
  facet normal 0 0 -1
    outer loop
      vertex 171.768 -78.2322 0
      vertex 171.768 78.2322 0
      vertex 172.079 78.6111 0
    endloop
  endfacet
  facet normal 0 0 -1
    outer loop
      vertex 136.25 -6.4 0
      vertex 171.768 -78.2322 0
      vertex 171.389 -77.9213 0
    endloop
  endfacet
  facet normal 0 0 -1
    outer loop
      vertex 171.768 -78.2322 0
      vertex 136.25 -6.4 0
      vertex 171.768 78.2322 0
    endloop
  endfacet
  facet normal 0 0 -1
    outer loop
      vertex 136.25 -11.4 0
      vertex 171.389 -77.9213 0
      vertex 170.957 -77.6903 0
    endloop
  endfacet
  facet normal 0 0 -1
    outer loop
      vertex 171.768 78.2322 0
      vertex 136.25 -6.4 0
      vertex 171.389 77.9213 0
    endloop
  endfacet
  facet normal 0 0 -1
    outer loop
      vertex 136.25 -11.4 0
      vertex 170.957 -77.6903 0
      vertex 170.488 -77.548 0
    endloop
  endfacet
  facet normal 0 0 -1
    outer loop
      vertex 136.25 11.4 0
      vertex 171.389 77.9213 0
      vertex 136.25 -6.4 0
    endloop
  endfacet
  facet normal 0 0 -1
    outer loop
      vertex 136.25 -11.4 0
      vertex 170.488 -77.548 0
      vertex 170 -77.5 0
    endloop
  endfacet
  facet normal 0 0 -1
    outer loop
      vertex 136.25 16.4 0
      vertex 171.389 77.9213 0
      vertex 136.25 11.4 0
    endloop
  endfacet
  facet normal 0 0 -1
    outer loop
      vertex 136.25 -11.4 0
      vertex 170 -77.5 0
      vertex 169.512 -77.548 0
    endloop
  endfacet
  facet normal 0 0 -1
    outer loop
      vertex 171.389 77.9213 0
      vertex 136.25 16.4 0
      vertex 170.957 77.6903 0
    endloop
  endfacet
  facet normal 0 0 -1
    outer loop
      vertex 136.25 -68.6 0
      vertex 169.512 -77.548 0
      vertex 169.043 -77.6903 0
    endloop
  endfacet
  facet normal 0 0 -1
    outer loop
      vertex 170.957 77.6903 0
      vertex 136.25 16.4 0
      vertex 170.488 77.548 0
    endloop
  endfacet
  facet normal 0 0 -1
    outer loop
      vertex 136.25 -68.6 0
      vertex 169.043 -77.6903 0
      vertex 168.611 -77.9213 0
    endloop
  endfacet
  facet normal 0 0 -1
    outer loop
      vertex 170.488 77.548 0
      vertex 136.25 16.4 0
      vertex 170 77.5 0
    endloop
  endfacet
  facet normal 0 0 -1
    outer loop
      vertex 136.25 -68.6 0
      vertex 168.611 -77.9213 0
      vertex 168.232 -78.2322 0
    endloop
  endfacet
  facet normal -0 0 -1
    outer loop
      vertex 170 77.5 0
      vertex 136.25 16.4 0
      vertex 169.512 77.548 0
    endloop
  endfacet
  facet normal 0 0 -1
    outer loop
      vertex 136.25 -68.6 0
      vertex 168.232 -78.2322 0
      vertex 167.921 -78.6111 0
    endloop
  endfacet
  facet normal -0 0 -1
    outer loop
      vertex 169.512 77.548 0
      vertex 136.25 16.4 0
      vertex 169.043 77.6903 0
    endloop
  endfacet
  facet normal 0 0 -1
    outer loop
      vertex 136.25 -68.6 0
      vertex 167.921 -78.6111 0
      vertex 167.69 -79.0433 0
    endloop
  endfacet
  facet normal 0 0 -1
    outer loop
      vertex 136.25 73.6 0
      vertex 169.043 77.6903 0
      vertex 136.25 16.4 0
    endloop
  endfacet
  facet normal 0 0 -1
    outer loop
      vertex 136.25 -73.6 0
      vertex 167.69 -79.0433 0
      vertex 167.548 -79.5123 0
    endloop
  endfacet
  facet normal -0 0 -1
    outer loop
      vertex 169.043 77.6903 0
      vertex 136.25 73.6 0
      vertex 168.611 77.9213 0
    endloop
  endfacet
  facet normal 0 0 -1
    outer loop
      vertex 136.25 -73.6 0
      vertex 167.548 -79.5123 0
      vertex 167.5 -80 0
    endloop
  endfacet
  facet normal -0 0 -1
    outer loop
      vertex 168.611 77.9213 0
      vertex 136.25 73.6 0
      vertex 168.232 78.2322 0
    endloop
  endfacet
  facet normal 0 0 -1
    outer loop
      vertex 172.452 -79.5123 0
      vertex 180 -90 0
      vertex 172.5 -80 0
    endloop
  endfacet
  facet normal 0 0 -1
    outer loop
      vertex 180 -90 0
      vertex 172.452 -80.4877 0
      vertex 172.5 -80 0
    endloop
  endfacet
  facet normal 0 0 -1
    outer loop
      vertex 180 -90 0
      vertex 172.31 -80.9567 0
      vertex 172.452 -80.4877 0
    endloop
  endfacet
  facet normal 0 0 -1
    outer loop
      vertex 180 -90 0
      vertex 172.079 -81.3889 0
      vertex 172.31 -80.9567 0
    endloop
  endfacet
  facet normal 0 0 -1
    outer loop
      vertex 180 -90 0
      vertex 171.768 -81.7678 0
      vertex 172.079 -81.3889 0
    endloop
  endfacet
  facet normal 0 0 -1
    outer loop
      vertex 180 -90 0
      vertex 171.389 -82.0787 0
      vertex 171.768 -81.7678 0
    endloop
  endfacet
  facet normal 0 0 -1
    outer loop
      vertex 180 -90 0
      vertex 170.957 -82.3097 0
      vertex 171.389 -82.0787 0
    endloop
  endfacet
  facet normal 0 0 -1
    outer loop
      vertex 180 -90 0
      vertex 170.488 -82.452 0
      vertex 170.957 -82.3097 0
    endloop
  endfacet
  facet normal 0 0 -1
    outer loop
      vertex 180 -90 0
      vertex 170 -82.5 0
      vertex 170.488 -82.452 0
    endloop
  endfacet
  facet normal 0 0 -1
    outer loop
      vertex 180 -90 0
      vertex 169.512 -82.452 0
      vertex 170 -82.5 0
    endloop
  endfacet
  facet normal 0 0 -1
    outer loop
      vertex 180 -90 0
      vertex 169.043 -82.3097 0
      vertex 169.512 -82.452 0
    endloop
  endfacet
  facet normal 0 0 -1
    outer loop
      vertex 180 -90 0
      vertex 168.611 -82.0787 0
      vertex 169.043 -82.3097 0
    endloop
  endfacet
  facet normal 0 0 -1
    outer loop
      vertex 167.69 -79.0433 0
      vertex 136.25 -73.6 0
      vertex 136.25 -68.6 0
    endloop
  endfacet
  facet normal 0 0 -1
    outer loop
      vertex 167.548 -80.4877 0
      vertex 136.25 -73.6 0
      vertex 167.5 -80 0
    endloop
  endfacet
  facet normal 0 0 -1
    outer loop
      vertex 167.69 -80.9567 0
      vertex 136.25 -73.6 0
      vertex 167.548 -80.4877 0
    endloop
  endfacet
  facet normal 0 0 -1
    outer loop
      vertex 167.921 -81.3889 0
      vertex 136.25 -73.6 0
      vertex 167.69 -80.9567 0
    endloop
  endfacet
  facet normal 0 0 -1
    outer loop
      vertex 168.232 -81.7678 0
      vertex 136.25 -73.6 0
      vertex 167.921 -81.3889 0
    endloop
  endfacet
  facet normal 0 0 -1
    outer loop
      vertex 168.611 -82.0787 0
      vertex 136.25 -73.6 0
      vertex 168.232 -81.7678 0
    endloop
  endfacet
  facet normal 0 0 -1
    outer loop
      vertex 180 -90 0
      vertex 136.25 -73.6 0
      vertex 168.611 -82.0787 0
    endloop
  endfacet
  facet normal 0 0 -1
    outer loop
      vertex 180 -90 0
      vertex 133.75 -73.6 0
      vertex 136.25 -73.6 0
    endloop
  endfacet
  facet normal 0 0 -1
    outer loop
      vertex 98.1 -46.25 0
      vertex 133.75 -68.6 0
      vertex 133.75 -73.6 0
    endloop
  endfacet
  facet normal 0 0 -1
    outer loop
      vertex 133.75 -68.6 0
      vertex 98.1 -43.75 0
      vertex 133.75 -11.4 0
    endloop
  endfacet
  facet normal -0 0 -1
    outer loop
      vertex 133.75 -11.4 0
      vertex 98.1 -43.75 0
      vertex 133.75 -6.4 0
    endloop
  endfacet
  facet normal 0 0 -1
    outer loop
      vertex 93.1 -43.75 0
      vertex 133.75 -6.4 0
      vertex 98.1 -43.75 0
    endloop
  endfacet
  facet normal -0 0 -1
    outer loop
      vertex 133.75 -6.4 0
      vertex 93.1 -43.75 0
      vertex 133.75 11.4 0
    endloop
  endfacet
  facet normal 0 0 -1
    outer loop
      vertex 41.25 5.4 0
      vertex 133.75 11.4 0
      vertex 93.1 -43.75 0
    endloop
  endfacet
  facet normal 0 0 -1
    outer loop
      vertex 133.75 -68.6 0
      vertex 98.1 -46.25 0
      vertex 98.1 -43.75 0
    endloop
  endfacet
  facet normal 0 0 -1
    outer loop
      vertex 133.75 -73.6 0
      vertex 93.1 -46.25 0
      vertex 98.1 -46.25 0
    endloop
  endfacet
  facet normal 0 0 -1
    outer loop
      vertex 93.1 -46.25 0
      vertex 41.25 0.4 0
      vertex 93.1 -43.75 0
    endloop
  endfacet
  facet normal 0 0 -1
    outer loop
      vertex 93.1 -46.25 0
      vertex 38.75 0.4 0
      vertex 41.25 0.4 0
    endloop
  endfacet
  facet normal 0 0 -1
    outer loop
      vertex -20.9 18.75 0
      vertex 38.75 5.4 0
      vertex 38.75 0.4 0
    endloop
  endfacet
  facet normal 0 0 -1
    outer loop
      vertex 38.75 5.4 0
      vertex -20.9 21.25 0
      vertex 38.75 84.6 0
    endloop
  endfacet
  facet normal 0 0 -1
    outer loop
      vertex -13.1 -43.75 0
      vertex 38.75 0.4 0
      vertex -13.1 -46.25 0
    endloop
  endfacet
  facet normal 0 0 -1
    outer loop
      vertex 93.1 -46.25 0
      vertex -13.1 -46.25 0
      vertex 38.75 0.4 0
    endloop
  endfacet
  facet normal 0 0 -1
    outer loop
      vertex 133.75 -73.6 0
      vertex -13.1 -46.25 0
      vertex 93.1 -46.25 0
    endloop
  endfacet
  facet normal 0 0 -1
    outer loop
      vertex -180 -90 0
      vertex 133.75 -73.6 0
      vertex 180 -90 0
    endloop
  endfacet
  facet normal -0 0 -1
    outer loop
      vertex 133.75 -73.6 0
      vertex -180 -90 0
      vertex -13.1 -46.25 0
    endloop
  endfacet
  facet normal 0 0 -1
    outer loop
      vertex -167.69 -79.0433 0
      vertex -18.1 -43.75 0
      vertex -18.1 -46.25 0
    endloop
  endfacet
  facet normal 0 0 -1
    outer loop
      vertex -18.1 -43.75 0
      vertex -25.9 18.75 0
      vertex -20.9 18.75 0
    endloop
  endfacet
  facet normal 0 0 -1
    outer loop
      vertex -25.9 18.75 0
      vertex -164.1 18.75 0
      vertex -25.9 21.25 0
    endloop
  endfacet
  facet normal 0 0 -1
    outer loop
      vertex -18.1 -43.75 0
      vertex -164.1 18.75 0
      vertex -25.9 18.75 0
    endloop
  endfacet
  facet normal 0 0 -1
    outer loop
      vertex -167.548 -79.5123 0
      vertex -18.1 -46.25 0
      vertex -167.5 -80 0
    endloop
  endfacet
  facet normal -0 0 -1
    outer loop
      vertex -13.1 -46.25 0
      vertex -180 -90 0
      vertex -18.1 -46.25 0
    endloop
  endfacet
  facet normal 0 0 -1
    outer loop
      vertex -18.1 -46.25 0
      vertex -167.548 -80.4877 0
      vertex -167.5 -80 0
    endloop
  endfacet
  facet normal 0 0 -1
    outer loop
      vertex -18.1 -46.25 0
      vertex -167.69 -80.9567 0
      vertex -167.548 -80.4877 0
    endloop
  endfacet
  facet normal 0 0 -1
    outer loop
      vertex -18.1 -46.25 0
      vertex -167.921 -81.3889 0
      vertex -167.69 -80.9567 0
    endloop
  endfacet
  facet normal 0 0 -1
    outer loop
      vertex -18.1 -46.25 0
      vertex -168.232 -81.7678 0
      vertex -167.921 -81.3889 0
    endloop
  endfacet
  facet normal 0 0 -1
    outer loop
      vertex -18.1 -46.25 0
      vertex -168.611 -82.0787 0
      vertex -168.232 -81.7678 0
    endloop
  endfacet
  facet normal 0 0 -1
    outer loop
      vertex -18.1 -46.25 0
      vertex -180 -90 0
      vertex -168.611 -82.0787 0
    endloop
  endfacet
  facet normal 0 0 -1
    outer loop
      vertex -168.611 -82.0787 0
      vertex -180 -90 0
      vertex -169.043 -82.3097 0
    endloop
  endfacet
  facet normal 0 0 -1
    outer loop
      vertex -169.043 -82.3097 0
      vertex -180 -90 0
      vertex -169.512 -82.452 0
    endloop
  endfacet
  facet normal 0 0 -1
    outer loop
      vertex -172.31 79.0433 0
      vertex -180 90 0
      vertex -172.452 79.5123 0
    endloop
  endfacet
  facet normal -0 0 -1
    outer loop
      vertex -172.452 -80.4877 0
      vertex -180 -90 0
      vertex -172.5 -80 0
    endloop
  endfacet
  facet normal -0 0 -1
    outer loop
      vertex -172.31 -80.9567 0
      vertex -180 -90 0
      vertex -172.452 -80.4877 0
    endloop
  endfacet
  facet normal -0 0 -1
    outer loop
      vertex -172.079 -81.3889 0
      vertex -180 -90 0
      vertex -172.31 -80.9567 0
    endloop
  endfacet
  facet normal -0 0 -1
    outer loop
      vertex -171.768 -81.7678 0
      vertex -180 -90 0
      vertex -172.079 -81.3889 0
    endloop
  endfacet
  facet normal -0 0 -1
    outer loop
      vertex -171.389 -82.0787 0
      vertex -180 -90 0
      vertex -171.768 -81.7678 0
    endloop
  endfacet
  facet normal -0 0 -1
    outer loop
      vertex -170.957 -82.3097 0
      vertex -180 -90 0
      vertex -171.389 -82.0787 0
    endloop
  endfacet
  facet normal -0 0 -1
    outer loop
      vertex -170.488 -82.452 0
      vertex -180 -90 0
      vertex -170.957 -82.3097 0
    endloop
  endfacet
  facet normal -0 0 -1
    outer loop
      vertex -170 -82.5 0
      vertex -180 -90 0
      vertex -170.488 -82.452 0
    endloop
  endfacet
  facet normal 0 0 -1
    outer loop
      vertex -169.512 -82.452 0
      vertex -180 -90 0
      vertex -170 -82.5 0
    endloop
  endfacet
  facet normal 0 0 -1
    outer loop
      vertex 172.31 -79.0433 0
      vertex 180 -90 0
      vertex 172.452 -79.5123 0
    endloop
  endfacet
  facet normal 0 0 -1
    outer loop
      vertex 172.452 80.4877 0
      vertex 180 90 0
      vertex 172.5 80 0
    endloop
  endfacet
  facet normal 0 0 -1
    outer loop
      vertex 172.31 80.9567 0
      vertex 180 90 0
      vertex 172.452 80.4877 0
    endloop
  endfacet
  facet normal 0 0 -1
    outer loop
      vertex 172.079 81.3889 0
      vertex 180 90 0
      vertex 172.31 80.9567 0
    endloop
  endfacet
  facet normal 0 0 -1
    outer loop
      vertex 171.768 81.7678 0
      vertex 180 90 0
      vertex 172.079 81.3889 0
    endloop
  endfacet
  facet normal 0 0 -1
    outer loop
      vertex 171.389 82.0787 0
      vertex 180 90 0
      vertex 171.768 81.7678 0
    endloop
  endfacet
  facet normal 0 0 -1
    outer loop
      vertex 170.957 82.3097 0
      vertex 180 90 0
      vertex 171.389 82.0787 0
    endloop
  endfacet
  facet normal 0 0 -1
    outer loop
      vertex 170.488 82.452 0
      vertex 180 90 0
      vertex 170.957 82.3097 0
    endloop
  endfacet
  facet normal 0 0 -1
    outer loop
      vertex 170 82.5 0
      vertex 180 90 0
      vertex 170.488 82.452 0
    endloop
  endfacet
  facet normal 0 0 -1
    outer loop
      vertex 169.512 82.452 0
      vertex 180 90 0
      vertex 170 82.5 0
    endloop
  endfacet
  facet normal 0 0 -1
    outer loop
      vertex 169.043 82.3097 0
      vertex 180 90 0
      vertex 169.512 82.452 0
    endloop
  endfacet
  facet normal 0 0 -1
    outer loop
      vertex 136.25 78.6 0
      vertex 169.043 82.3097 0
      vertex 168.611 82.0787 0
    endloop
  endfacet
  facet normal 0 0 -1
    outer loop
      vertex 169.512 -77.548 0
      vertex 136.25 -68.6 0
      vertex 136.25 -11.4 0
    endloop
  endfacet
  facet normal 0 0 -1
    outer loop
      vertex 171.389 -77.9213 0
      vertex 136.25 -11.4 0
      vertex 136.25 -6.4 0
    endloop
  endfacet
  facet normal -0 0 -1
    outer loop
      vertex 168.232 78.2322 0
      vertex 136.25 73.6 0
      vertex 167.921 78.6111 0
    endloop
  endfacet
  facet normal -0 0 -1
    outer loop
      vertex 167.921 78.6111 0
      vertex 136.25 73.6 0
      vertex 167.69 79.0433 0
    endloop
  endfacet
  facet normal -0 0 -1
    outer loop
      vertex 167.69 79.0433 0
      vertex 136.25 73.6 0
      vertex 167.548 79.5123 0
    endloop
  endfacet
  facet normal 0 0 -1
    outer loop
      vertex 136.25 78.6 0
      vertex 167.548 79.5123 0
      vertex 136.25 73.6 0
    endloop
  endfacet
  facet normal -0 0 -1
    outer loop
      vertex 167.548 79.5123 0
      vertex 136.25 78.6 0
      vertex 167.5 80 0
    endloop
  endfacet
  facet normal -0 0 -1
    outer loop
      vertex 167.5 80 0
      vertex 136.25 78.6 0
      vertex 167.548 80.4877 0
    endloop
  endfacet
  facet normal -0 0 -1
    outer loop
      vertex 167.548 80.4877 0
      vertex 136.25 78.6 0
      vertex 167.69 80.9567 0
    endloop
  endfacet
  facet normal -0 0 -1
    outer loop
      vertex 167.69 80.9567 0
      vertex 136.25 78.6 0
      vertex 167.921 81.3889 0
    endloop
  endfacet
  facet normal -0 0 -1
    outer loop
      vertex 167.921 81.3889 0
      vertex 136.25 78.6 0
      vertex 168.232 81.7678 0
    endloop
  endfacet
  facet normal -0 0 -1
    outer loop
      vertex 168.232 81.7678 0
      vertex 136.25 78.6 0
      vertex 168.611 82.0787 0
    endloop
  endfacet
  facet normal -0 0 -1
    outer loop
      vertex 169.043 82.3097 0
      vertex 136.25 78.6 0
      vertex 180 90 0
    endloop
  endfacet
  facet normal 0 0 -1
    outer loop
      vertex 133.75 78.6 0
      vertex 180 90 0
      vertex 136.25 78.6 0
    endloop
  endfacet
  facet normal -0 0 -1
    outer loop
      vertex 133.75 16.4 0
      vertex 41.25 5.4 0
      vertex 133.75 73.6 0
    endloop
  endfacet
  facet normal -0 0 -1
    outer loop
      vertex 133.75 11.4 0
      vertex 41.25 5.4 0
      vertex 133.75 16.4 0
    endloop
  endfacet
  facet normal 0 0 -1
    outer loop
      vertex 41.25 5.4 0
      vertex 93.1 -43.75 0
      vertex 41.25 0.4 0
    endloop
  endfacet
  facet normal 0 0 -1
    outer loop
      vertex 41.25 84.6 0
      vertex 133.75 73.6 0
      vertex 41.25 5.4 0
    endloop
  endfacet
  facet normal 0 0 -1
    outer loop
      vertex 133.75 73.6 0
      vertex 41.25 84.6 0
      vertex 133.75 78.6 0
    endloop
  endfacet
  facet normal 0 0 -1
    outer loop
      vertex 41.25 89.6 0
      vertex 133.75 78.6 0
      vertex 41.25 84.6 0
    endloop
  endfacet
  facet normal 0 0 -1
    outer loop
      vertex 133.75 78.6 0
      vertex 41.25 89.6 0
      vertex 180 90 0
    endloop
  endfacet
  facet normal 0 0 -1
    outer loop
      vertex 38.75 89.6 0
      vertex 180 90 0
      vertex 41.25 89.6 0
    endloop
  endfacet
  facet normal 0 0 -1
    outer loop
      vertex -20.9 18.75 0
      vertex 38.75 0.4 0
      vertex -13.1 -43.75 0
    endloop
  endfacet
  facet normal 0 0 -1
    outer loop
      vertex -20.9 18.75 0
      vertex -13.1 -43.75 0
      vertex -18.1 -43.75 0
    endloop
  endfacet
  facet normal 0 0 -1
    outer loop
      vertex 38.75 5.4 0
      vertex -20.9 18.75 0
      vertex -20.9 21.25 0
    endloop
  endfacet
  facet normal 0 0 -1
    outer loop
      vertex -25.9 21.25 0
      vertex 38.75 84.6 0
      vertex -20.9 21.25 0
    endloop
  endfacet
  facet normal -0 0 -1
    outer loop
      vertex 38.75 84.6 0
      vertex -25.9 21.25 0
      vertex 38.75 89.6 0
    endloop
  endfacet
  facet normal 0 0 -1
    outer loop
      vertex -164.1 21.25 0
      vertex -25.9 21.25 0
      vertex -164.1 18.75 0
    endloop
  endfacet
  facet normal 0 0 -1
    outer loop
      vertex -167.69 79.0433 0
      vertex -25.9 21.25 0
      vertex -164.1 21.25 0
    endloop
  endfacet
  facet normal 0 0 -1
    outer loop
      vertex -167.548 80.4877 0
      vertex -25.9 21.25 0
      vertex -167.5 80 0
    endloop
  endfacet
  facet normal 0 0 -1
    outer loop
      vertex -167.69 80.9567 0
      vertex -25.9 21.25 0
      vertex -167.548 80.4877 0
    endloop
  endfacet
  facet normal 0 0 -1
    outer loop
      vertex -25.9 21.25 0
      vertex -167.69 80.9567 0
      vertex 38.75 89.6 0
    endloop
  endfacet
  facet normal 0 0 -1
    outer loop
      vertex -167.921 81.3889 0
      vertex 38.75 89.6 0
      vertex -167.69 80.9567 0
    endloop
  endfacet
  facet normal 0 0 -1
    outer loop
      vertex -168.232 81.7678 0
      vertex 38.75 89.6 0
      vertex -167.921 81.3889 0
    endloop
  endfacet
  facet normal 0 0 -1
    outer loop
      vertex -168.611 82.0787 0
      vertex 38.75 89.6 0
      vertex -168.232 81.7678 0
    endloop
  endfacet
  facet normal 0 0 -1
    outer loop
      vertex -180 90 0
      vertex -168.611 82.0787 0
      vertex -169.043 82.3097 0
    endloop
  endfacet
  facet normal 0 0 -1
    outer loop
      vertex -180 90 0
      vertex -169.043 82.3097 0
      vertex -169.512 82.452 0
    endloop
  endfacet
  facet normal 0 0 -1
    outer loop
      vertex -180 90 0
      vertex -169.512 82.452 0
      vertex -170 82.5 0
    endloop
  endfacet
  facet normal 0 0 -1
    outer loop
      vertex 38.75 89.6 0
      vertex -180 90 0
      vertex 180 90 0
    endloop
  endfacet
  facet normal 0 0 -1
    outer loop
      vertex -168.611 82.0787 0
      vertex -180 90 0
      vertex 38.75 89.6 0
    endloop
  endfacet
  facet normal 0 0 -1
    outer loop
      vertex -170.488 82.452 0
      vertex -180 90 0
      vertex -170 82.5 0
    endloop
  endfacet
  facet normal 0 0 -1
    outer loop
      vertex -170.957 82.3097 0
      vertex -180 90 0
      vertex -170.488 82.452 0
    endloop
  endfacet
  facet normal 0 0 -1
    outer loop
      vertex -171.389 82.0787 0
      vertex -180 90 0
      vertex -170.957 82.3097 0
    endloop
  endfacet
  facet normal 0 0 -1
    outer loop
      vertex -171.768 81.7678 0
      vertex -180 90 0
      vertex -171.389 82.0787 0
    endloop
  endfacet
  facet normal 0 0 -1
    outer loop
      vertex -172.079 81.3889 0
      vertex -180 90 0
      vertex -171.768 81.7678 0
    endloop
  endfacet
  facet normal 0 0 -1
    outer loop
      vertex -172.31 80.9567 0
      vertex -180 90 0
      vertex -172.079 81.3889 0
    endloop
  endfacet
  facet normal 0 0 -1
    outer loop
      vertex -172.452 80.4877 0
      vertex -180 90 0
      vertex -172.31 80.9567 0
    endloop
  endfacet
  facet normal 0 0 -1
    outer loop
      vertex -172.5 80 0
      vertex -180 90 0
      vertex -172.452 80.4877 0
    endloop
  endfacet
  facet normal 0 0 -1
    outer loop
      vertex -172.452 79.5123 0
      vertex -180 90 0
      vertex -172.5 80 0
    endloop
  endfacet
  facet normal 0 0 -1
    outer loop
      vertex -167.69 -79.0433 0
      vertex -18.1 -46.25 0
      vertex -167.548 -79.5123 0
    endloop
  endfacet
  facet normal 0 0 -1
    outer loop
      vertex -18.1 -43.75 0
      vertex -167.69 -79.0433 0
      vertex -167.921 -78.6111 0
    endloop
  endfacet
  facet normal -0 0 -1
    outer loop
      vertex -18.1 -43.75 0
      vertex -167.921 -78.6111 0
      vertex -164.1 18.75 0
    endloop
  endfacet
  facet normal 0 0 -1
    outer loop
      vertex -168.232 -78.2322 0
      vertex -164.1 18.75 0
      vertex -167.921 -78.6111 0
    endloop
  endfacet
  facet normal 0 0 -1
    outer loop
      vertex -168.611 -77.9213 0
      vertex -164.1 18.75 0
      vertex -168.232 -78.2322 0
    endloop
  endfacet
  facet normal 0 0 -1
    outer loop
      vertex -169.043 -77.6903 0
      vertex -164.1 18.75 0
      vertex -168.611 -77.9213 0
    endloop
  endfacet
  facet normal 0 0 -1
    outer loop
      vertex -169.512 -77.548 0
      vertex -164.1 18.75 0
      vertex -169.043 -77.6903 0
    endloop
  endfacet
  facet normal -0 0 -1
    outer loop
      vertex -164.1 18.75 0
      vertex -170 -77.5 0
      vertex -169.1 18.75 0
    endloop
  endfacet
  facet normal 0 0 -1
    outer loop
      vertex -170 -77.5 0
      vertex -164.1 18.75 0
      vertex -169.512 -77.548 0
    endloop
  endfacet
  facet normal -1 0 0
    outer loop
      vertex -180 -90 0
      vertex -180 90 4
      vertex -180 90 0
    endloop
  endfacet
  facet normal -1 -0 0
    outer loop
      vertex -180 90 4
      vertex -180 -90 0
      vertex -180 -90 4
    endloop
  endfacet
  facet normal 0 1 -0
    outer loop
      vertex 180 90 0
      vertex -180 90 4
      vertex 180 90 4
    endloop
  endfacet
  facet normal 0 1 0
    outer loop
      vertex -180 90 4
      vertex 180 90 0
      vertex -180 90 0
    endloop
  endfacet
  facet normal 0 -1 0
    outer loop
      vertex -180 -90 0
      vertex 180 -90 4
      vertex -180 -90 4
    endloop
  endfacet
  facet normal 0 -1 -0
    outer loop
      vertex 180 -90 4
      vertex -180 -90 0
      vertex 180 -90 0
    endloop
  endfacet
  facet normal 0 0 1
    outer loop
      vertex -27.9 87.1 18
      vertex -30.9 84.1 18
      vertex -27.9 -47.1 18
    endloop
  endfacet
  facet normal 0 0 1
    outer loop
      vertex -27.9 87.1 18
      vertex -159.1 84.1 18
      vertex -30.9 84.1 18
    endloop
  endfacet
  facet normal 0 0 1
    outer loop
      vertex -159.1 84.1 18
      vertex -162.1 87.1 18
      vertex -159.1 -44.1 18
    endloop
  endfacet
  facet normal -0 0 1
    outer loop
      vertex -162.1 87.1 18
      vertex -159.1 84.1 18
      vertex -27.9 87.1 18
    endloop
  endfacet
  facet normal -0 0 1
    outer loop
      vertex -30.9 -44.1 18
      vertex -27.9 -47.1 18
      vertex -30.9 84.1 18
    endloop
  endfacet
  facet normal -0 0 1
    outer loop
      vertex -159.1 -44.1 18
      vertex -27.9 -47.1 18
      vertex -30.9 -44.1 18
    endloop
  endfacet
  facet normal 0 0 1
    outer loop
      vertex -159.1 -44.1 18
      vertex -162.1 -47.1 18
      vertex -27.9 -47.1 18
    endloop
  endfacet
  facet normal 0 0 1
    outer loop
      vertex -162.1 -47.1 18
      vertex -159.1 -44.1 18
      vertex -162.1 87.1 18
    endloop
  endfacet
  facet normal 0 1 -0
    outer loop
      vertex -27.9 87.1 4
      vertex -162.1 87.1 18
      vertex -27.9 87.1 18
    endloop
  endfacet
  facet normal 0 1 0
    outer loop
      vertex -162.1 87.1 18
      vertex -27.9 87.1 4
      vertex -162.1 87.1 4
    endloop
  endfacet
  facet normal -1 0 0
    outer loop
      vertex -162.1 -47.1 4
      vertex -162.1 87.1 18
      vertex -162.1 87.1 4
    endloop
  endfacet
  facet normal -1 -0 0
    outer loop
      vertex -162.1 87.1 18
      vertex -162.1 -47.1 4
      vertex -162.1 -47.1 18
    endloop
  endfacet
  facet normal 0 -1 0
    outer loop
      vertex -162.1 -47.1 4
      vertex -27.9 -47.1 18
      vertex -162.1 -47.1 18
    endloop
  endfacet
  facet normal 0 -1 -0
    outer loop
      vertex -27.9 -47.1 18
      vertex -162.1 -47.1 4
      vertex -27.9 -47.1 4
    endloop
  endfacet
  facet normal 1 -0 0
    outer loop
      vertex -27.9 -47.1 18
      vertex -27.9 87.1 4
      vertex -27.9 87.1 18
    endloop
  endfacet
  facet normal 1 0 0
    outer loop
      vertex -27.9 87.1 4
      vertex -27.9 -47.1 18
      vertex -27.9 -47.1 4
    endloop
  endfacet
  facet normal 1 -0 0
    outer loop
      vertex -159.1 -44.1 18
      vertex -159.1 84.1 4
      vertex -159.1 84.1 18
    endloop
  endfacet
  facet normal 1 0 0
    outer loop
      vertex -159.1 84.1 4
      vertex -159.1 -44.1 18
      vertex -159.1 -44.1 4
    endloop
  endfacet
  facet normal 0 -1 0
    outer loop
      vertex -159.1 84.1 4
      vertex -30.9 84.1 18
      vertex -159.1 84.1 18
    endloop
  endfacet
  facet normal 0 -1 -0
    outer loop
      vertex -30.9 84.1 18
      vertex -159.1 84.1 4
      vertex -30.9 84.1 4
    endloop
  endfacet
  facet normal -1 0 0
    outer loop
      vertex -30.9 -44.1 4
      vertex -30.9 84.1 18
      vertex -30.9 84.1 4
    endloop
  endfacet
  facet normal -1 -0 0
    outer loop
      vertex -30.9 84.1 18
      vertex -30.9 -44.1 4
      vertex -30.9 -44.1 18
    endloop
  endfacet
  facet normal 0 1 -0
    outer loop
      vertex -30.9 -44.1 4
      vertex -159.1 -44.1 18
      vertex -30.9 -44.1 18
    endloop
  endfacet
  facet normal 0 1 0
    outer loop
      vertex -159.1 -44.1 18
      vertex -30.9 -44.1 4
      vertex -159.1 -44.1 4
    endloop
  endfacet
  facet normal 0 0 1
    outer loop
      vertex 94.6 82.6 18
      vertex 91.6 79.6 18
      vertex 94.6 7.40001 18
    endloop
  endfacet
  facet normal 0 0 1
    outer loop
      vertex 94.6 82.6 18
      vertex -11.6 79.6 18
      vertex 91.6 79.6 18
    endloop
  endfacet
  facet normal 0 0 1
    outer loop
      vertex -11.6 79.6 18
      vertex -14.6 82.6 18
      vertex -11.6 10.4 18
    endloop
  endfacet
  facet normal -0 0 1
    outer loop
      vertex -14.6 82.6 18
      vertex -11.6 79.6 18
      vertex 94.6 82.6 18
    endloop
  endfacet
  facet normal -0 0 1
    outer loop
      vertex 91.6 10.4 18
      vertex 94.6 7.40001 18
      vertex 91.6 79.6 18
    endloop
  endfacet
  facet normal -0 0 1
    outer loop
      vertex -11.6 10.4 18
      vertex 94.6 7.40001 18
      vertex 91.6 10.4 18
    endloop
  endfacet
  facet normal 0 0 1
    outer loop
      vertex -11.6 10.4 18
      vertex -14.6 7.40001 18
      vertex 94.6 7.40001 18
    endloop
  endfacet
  facet normal 0 0 1
    outer loop
      vertex -14.6 7.40001 18
      vertex -11.6 10.4 18
      vertex -14.6 82.6 18
    endloop
  endfacet
  facet normal 0 1 -0
    outer loop
      vertex 94.6 82.6 4
      vertex -14.6 82.6 18
      vertex 94.6 82.6 18
    endloop
  endfacet
  facet normal 0 1 0
    outer loop
      vertex -14.6 82.6 18
      vertex 94.6 82.6 4
      vertex -14.6 82.6 4
    endloop
  endfacet
  facet normal -1 0 0
    outer loop
      vertex -14.6 7.40001 4
      vertex -14.6 82.6 18
      vertex -14.6 82.6 4
    endloop
  endfacet
  facet normal -1 -0 0
    outer loop
      vertex -14.6 82.6 18
      vertex -14.6 7.40001 4
      vertex -14.6 7.40001 18
    endloop
  endfacet
  facet normal 0 -1 0
    outer loop
      vertex -14.6 7.40001 4
      vertex 94.6 7.40001 18
      vertex -14.6 7.40001 18
    endloop
  endfacet
  facet normal 0 -1 -0
    outer loop
      vertex 94.6 7.40001 18
      vertex -14.6 7.40001 4
      vertex 94.6 7.40001 4
    endloop
  endfacet
  facet normal 1 -0 0
    outer loop
      vertex 94.6 7.40001 18
      vertex 94.6 82.6 4
      vertex 94.6 82.6 18
    endloop
  endfacet
  facet normal 1 0 0
    outer loop
      vertex 94.6 82.6 4
      vertex 94.6 7.40001 18
      vertex 94.6 7.40001 4
    endloop
  endfacet
  facet normal 1 -0 0
    outer loop
      vertex -11.6 10.4 18
      vertex -11.6 79.6 4
      vertex -11.6 79.6 18
    endloop
  endfacet
  facet normal 1 0 0
    outer loop
      vertex -11.6 79.6 4
      vertex -11.6 10.4 18
      vertex -11.6 10.4 4
    endloop
  endfacet
  facet normal 0 -1 0
    outer loop
      vertex -11.6 79.6 4
      vertex 91.6 79.6 18
      vertex -11.6 79.6 18
    endloop
  endfacet
  facet normal 0 -1 -0
    outer loop
      vertex 91.6 79.6 18
      vertex -11.6 79.6 4
      vertex 91.6 79.6 4
    endloop
  endfacet
  facet normal -1 0 0
    outer loop
      vertex 91.6 10.4 4
      vertex 91.6 79.6 18
      vertex 91.6 79.6 4
    endloop
  endfacet
  facet normal -1 -0 0
    outer loop
      vertex 91.6 79.6 18
      vertex 91.6 10.4 4
      vertex 91.6 10.4 18
    endloop
  endfacet
  facet normal 0 1 -0
    outer loop
      vertex 91.6 10.4 4
      vertex -11.6 10.4 18
      vertex 91.6 10.4 18
    endloop
  endfacet
  facet normal 0 1 0
    outer loop
      vertex -11.6 10.4 18
      vertex 91.6 10.4 4
      vertex -11.6 10.4 4
    endloop
  endfacet
  facet normal 0 0 1
    outer loop
      vertex 171.6 71.6 18
      vertex 168.6 68.6 18
      vertex 171.6 18.4 18
    endloop
  endfacet
  facet normal 0 0 1
    outer loop
      vertex 171.6 71.6 18
      vertex 101.4 68.6 18
      vertex 168.6 68.6 18
    endloop
  endfacet
  facet normal 0 0 1
    outer loop
      vertex 101.4 68.6 18
      vertex 98.4 71.6 18
      vertex 101.4 21.4 18
    endloop
  endfacet
  facet normal -0 0 1
    outer loop
      vertex 98.4 71.6 18
      vertex 101.4 68.6 18
      vertex 171.6 71.6 18
    endloop
  endfacet
  facet normal -0 0 1
    outer loop
      vertex 168.6 21.4 18
      vertex 171.6 18.4 18
      vertex 168.6 68.6 18
    endloop
  endfacet
  facet normal -0 0 1
    outer loop
      vertex 101.4 21.4 18
      vertex 171.6 18.4 18
      vertex 168.6 21.4 18
    endloop
  endfacet
  facet normal 0 0 1
    outer loop
      vertex 101.4 21.4 18
      vertex 98.4 18.4 18
      vertex 171.6 18.4 18
    endloop
  endfacet
  facet normal 0 0 1
    outer loop
      vertex 98.4 18.4 18
      vertex 101.4 21.4 18
      vertex 98.4 71.6 18
    endloop
  endfacet
  facet normal 0 1 -0
    outer loop
      vertex 171.6 71.6 4
      vertex 98.4 71.6 18
      vertex 171.6 71.6 18
    endloop
  endfacet
  facet normal 0 1 0
    outer loop
      vertex 98.4 71.6 18
      vertex 171.6 71.6 4
      vertex 98.4 71.6 4
    endloop
  endfacet
  facet normal -1 0 0
    outer loop
      vertex 98.4 18.4 4
      vertex 98.4 71.6 18
      vertex 98.4 71.6 4
    endloop
  endfacet
  facet normal -1 -0 0
    outer loop
      vertex 98.4 71.6 18
      vertex 98.4 18.4 4
      vertex 98.4 18.4 18
    endloop
  endfacet
  facet normal 0 -1 0
    outer loop
      vertex 98.4 18.4 4
      vertex 171.6 18.4 18
      vertex 98.4 18.4 18
    endloop
  endfacet
  facet normal 0 -1 -0
    outer loop
      vertex 171.6 18.4 18
      vertex 98.4 18.4 4
      vertex 171.6 18.4 4
    endloop
  endfacet
  facet normal 1 -0 0
    outer loop
      vertex 171.6 18.4 18
      vertex 171.6 71.6 4
      vertex 171.6 71.6 18
    endloop
  endfacet
  facet normal 1 0 0
    outer loop
      vertex 171.6 71.6 4
      vertex 171.6 18.4 18
      vertex 171.6 18.4 4
    endloop
  endfacet
  facet normal 1 -0 0
    outer loop
      vertex 101.4 21.4 18
      vertex 101.4 68.6 4
      vertex 101.4 68.6 18
    endloop
  endfacet
  facet normal 1 0 0
    outer loop
      vertex 101.4 68.6 4
      vertex 101.4 21.4 18
      vertex 101.4 21.4 4
    endloop
  endfacet
  facet normal 0 -1 0
    outer loop
      vertex 101.4 68.6 4
      vertex 168.6 68.6 18
      vertex 101.4 68.6 18
    endloop
  endfacet
  facet normal 0 -1 -0
    outer loop
      vertex 168.6 68.6 18
      vertex 101.4 68.6 4
      vertex 168.6 68.6 4
    endloop
  endfacet
  facet normal -1 0 0
    outer loop
      vertex 168.6 21.4 4
      vertex 168.6 68.6 18
      vertex 168.6 68.6 4
    endloop
  endfacet
  facet normal -1 -0 0
    outer loop
      vertex 168.6 68.6 18
      vertex 168.6 21.4 4
      vertex 168.6 21.4 18
    endloop
  endfacet
  facet normal 0 1 -0
    outer loop
      vertex 168.6 21.4 4
      vertex 101.4 21.4 18
      vertex 168.6 21.4 18
    endloop
  endfacet
  facet normal 0 1 0
    outer loop
      vertex 101.4 21.4 18
      vertex 168.6 21.4 4
      vertex 101.4 21.4 4
    endloop
  endfacet
  facet normal 0 0 1
    outer loop
      vertex 171.6 -13.4 18
      vertex 168.6 -16.4 18
      vertex 171.6 -66.6 18
    endloop
  endfacet
  facet normal 0 0 1
    outer loop
      vertex 171.6 -13.4 18
      vertex 101.4 -16.4 18
      vertex 168.6 -16.4 18
    endloop
  endfacet
  facet normal 0 0 1
    outer loop
      vertex 101.4 -16.4 18
      vertex 98.4 -13.4 18
      vertex 101.4 -63.6 18
    endloop
  endfacet
  facet normal -0 0 1
    outer loop
      vertex 98.4 -13.4 18
      vertex 101.4 -16.4 18
      vertex 171.6 -13.4 18
    endloop
  endfacet
  facet normal -0 0 1
    outer loop
      vertex 168.6 -63.6 18
      vertex 171.6 -66.6 18
      vertex 168.6 -16.4 18
    endloop
  endfacet
  facet normal -0 0 1
    outer loop
      vertex 101.4 -63.6 18
      vertex 171.6 -66.6 18
      vertex 168.6 -63.6 18
    endloop
  endfacet
  facet normal 0 0 1
    outer loop
      vertex 101.4 -63.6 18
      vertex 98.4 -66.6 18
      vertex 171.6 -66.6 18
    endloop
  endfacet
  facet normal 0 0 1
    outer loop
      vertex 98.4 -66.6 18
      vertex 101.4 -63.6 18
      vertex 98.4 -13.4 18
    endloop
  endfacet
  facet normal 0 1 -0
    outer loop
      vertex 171.6 -13.4 4
      vertex 98.4 -13.4 18
      vertex 171.6 -13.4 18
    endloop
  endfacet
  facet normal 0 1 0
    outer loop
      vertex 98.4 -13.4 18
      vertex 171.6 -13.4 4
      vertex 98.4 -13.4 4
    endloop
  endfacet
  facet normal -1 0 0
    outer loop
      vertex 98.4 -66.6 4
      vertex 98.4 -13.4 18
      vertex 98.4 -13.4 4
    endloop
  endfacet
  facet normal -1 -0 0
    outer loop
      vertex 98.4 -13.4 18
      vertex 98.4 -66.6 4
      vertex 98.4 -66.6 18
    endloop
  endfacet
  facet normal 0 -1 0
    outer loop
      vertex 98.4 -66.6 4
      vertex 171.6 -66.6 18
      vertex 98.4 -66.6 18
    endloop
  endfacet
  facet normal 0 -1 -0
    outer loop
      vertex 171.6 -66.6 18
      vertex 98.4 -66.6 4
      vertex 171.6 -66.6 4
    endloop
  endfacet
  facet normal 1 -0 0
    outer loop
      vertex 171.6 -66.6 18
      vertex 171.6 -13.4 4
      vertex 171.6 -13.4 18
    endloop
  endfacet
  facet normal 1 0 0
    outer loop
      vertex 171.6 -13.4 4
      vertex 171.6 -66.6 18
      vertex 171.6 -66.6 4
    endloop
  endfacet
  facet normal 1 -0 0
    outer loop
      vertex 101.4 -63.6 18
      vertex 101.4 -16.4 4
      vertex 101.4 -16.4 18
    endloop
  endfacet
  facet normal 1 0 0
    outer loop
      vertex 101.4 -16.4 4
      vertex 101.4 -63.6 18
      vertex 101.4 -63.6 4
    endloop
  endfacet
  facet normal 0 -1 0
    outer loop
      vertex 101.4 -16.4 4
      vertex 168.6 -16.4 18
      vertex 101.4 -16.4 18
    endloop
  endfacet
  facet normal 0 -1 -0
    outer loop
      vertex 168.6 -16.4 18
      vertex 101.4 -16.4 4
      vertex 168.6 -16.4 4
    endloop
  endfacet
  facet normal -1 0 0
    outer loop
      vertex 168.6 -63.6 4
      vertex 168.6 -16.4 18
      vertex 168.6 -16.4 4
    endloop
  endfacet
  facet normal -1 -0 0
    outer loop
      vertex 168.6 -16.4 18
      vertex 168.6 -63.6 4
      vertex 168.6 -63.6 18
    endloop
  endfacet
  facet normal 0 1 -0
    outer loop
      vertex 168.6 -63.6 4
      vertex 101.4 -63.6 18
      vertex 168.6 -63.6 18
    endloop
  endfacet
  facet normal 0 1 0
    outer loop
      vertex 101.4 -63.6 18
      vertex 168.6 -63.6 4
      vertex 101.4 -63.6 4
    endloop
  endfacet
  facet normal 0 0 1
    outer loop
      vertex 91.1 -23.9 18
      vertex 88.1 -26.9 18
      vertex 91.1 -66.1 18
    endloop
  endfacet
  facet normal 0 0 1
    outer loop
      vertex 91.1 -23.9 18
      vertex -8.09999 -26.9 18
      vertex 88.1 -26.9 18
    endloop
  endfacet
  facet normal 0 0 1
    outer loop
      vertex -8.09999 -26.9 18
      vertex -11.1 -23.9 18
      vertex -8.09999 -63.1 18
    endloop
  endfacet
  facet normal -0 0 1
    outer loop
      vertex -11.1 -23.9 18
      vertex -8.09999 -26.9 18
      vertex 91.1 -23.9 18
    endloop
  endfacet
  facet normal -0 0 1
    outer loop
      vertex 88.1 -63.1 18
      vertex 91.1 -66.1 18
      vertex 88.1 -26.9 18
    endloop
  endfacet
  facet normal -0 0 1
    outer loop
      vertex -8.09999 -63.1 18
      vertex 91.1 -66.1 18
      vertex 88.1 -63.1 18
    endloop
  endfacet
  facet normal 0 0 1
    outer loop
      vertex -8.09999 -63.1 18
      vertex -11.1 -66.1 18
      vertex 91.1 -66.1 18
    endloop
  endfacet
  facet normal 0 0 1
    outer loop
      vertex -11.1 -66.1 18
      vertex -8.09999 -63.1 18
      vertex -11.1 -23.9 18
    endloop
  endfacet
  facet normal 0 1 -0
    outer loop
      vertex 91.1 -23.9 4
      vertex -11.1 -23.9 18
      vertex 91.1 -23.9 18
    endloop
  endfacet
  facet normal 0 1 0
    outer loop
      vertex -11.1 -23.9 18
      vertex 91.1 -23.9 4
      vertex -11.1 -23.9 4
    endloop
  endfacet
  facet normal -1 0 0
    outer loop
      vertex -11.1 -66.1 4
      vertex -11.1 -23.9 18
      vertex -11.1 -23.9 4
    endloop
  endfacet
  facet normal -1 -0 0
    outer loop
      vertex -11.1 -23.9 18
      vertex -11.1 -66.1 4
      vertex -11.1 -66.1 18
    endloop
  endfacet
  facet normal 0 -1 0
    outer loop
      vertex -11.1 -66.1 4
      vertex 91.1 -66.1 18
      vertex -11.1 -66.1 18
    endloop
  endfacet
  facet normal 0 -1 -0
    outer loop
      vertex 91.1 -66.1 18
      vertex -11.1 -66.1 4
      vertex 91.1 -66.1 4
    endloop
  endfacet
  facet normal 1 -0 0
    outer loop
      vertex 91.1 -66.1 18
      vertex 91.1 -23.9 4
      vertex 91.1 -23.9 18
    endloop
  endfacet
  facet normal 1 0 0
    outer loop
      vertex 91.1 -23.9 4
      vertex 91.1 -66.1 18
      vertex 91.1 -66.1 4
    endloop
  endfacet
  facet normal 1 -0 0
    outer loop
      vertex -8.09999 -63.1 18
      vertex -8.09999 -26.9 4
      vertex -8.09999 -26.9 18
    endloop
  endfacet
  facet normal 1 0 0
    outer loop
      vertex -8.09999 -26.9 4
      vertex -8.09999 -63.1 18
      vertex -8.09999 -63.1 4
    endloop
  endfacet
  facet normal 0 -1 0
    outer loop
      vertex -8.09999 -26.9 4
      vertex 88.1 -26.9 18
      vertex -8.09999 -26.9 18
    endloop
  endfacet
  facet normal 0 -1 -0
    outer loop
      vertex 88.1 -26.9 18
      vertex -8.09999 -26.9 4
      vertex 88.1 -26.9 4
    endloop
  endfacet
  facet normal -1 0 0
    outer loop
      vertex 88.1 -63.1 4
      vertex 88.1 -26.9 18
      vertex 88.1 -26.9 4
    endloop
  endfacet
  facet normal -1 -0 0
    outer loop
      vertex 88.1 -26.9 18
      vertex 88.1 -63.1 4
      vertex 88.1 -63.1 18
    endloop
  endfacet
  facet normal 0 1 -0
    outer loop
      vertex 88.1 -63.1 4
      vertex -8.09999 -63.1 18
      vertex 88.1 -63.1 18
    endloop
  endfacet
  facet normal 0 1 0
    outer loop
      vertex -8.09999 -63.1 18
      vertex 88.1 -63.1 4
      vertex -8.09999 -63.1 4
    endloop
  endfacet
endsolid OpenSCAD_Model
