solid OpenSCAD_Model
  facet normal 1 -0 0
    outer loop
      vertex 21 -21 3
      vertex 21 21 0
      vertex 21 21 3
    endloop
  endfacet
  facet normal 1 0 0
    outer loop
      vertex 21 21 0
      vertex 21 -21 3
      vertex 21 -21 0
    endloop
  endfacet
  facet normal -0 0 1
    outer loop
      vertex -14.4294 15.3494 3
      vertex -11.2 11.5 3
      vertex -14.3579 15.56 3
    endloop
  endfacet
  facet normal 0 0 1
    outer loop
      vertex -11.2 -11.5 3
      vertex -14.3145 -15.7781 3
      vertex -14.3 -16 3
    endloop
  endfacet
  facet normal -0 0 1
    outer loop
      vertex -14.5278 15.15 3
      vertex -11.2 11.5 3
      vertex -14.4294 15.3494 3
    endloop
  endfacet
  facet normal 0 0 1
    outer loop
      vertex -11.2 -11.5 3
      vertex -14.3579 -15.56 3
      vertex -14.3145 -15.7781 3
    endloop
  endfacet
  facet normal -0 0 1
    outer loop
      vertex -14.6513 14.9651 3
      vertex -11.2 11.5 3
      vertex -14.5278 15.15 3
    endloop
  endfacet
  facet normal 0 0 1
    outer loop
      vertex -11.2 -11.5 3
      vertex -14.4294 -15.3494 3
      vertex -14.3579 -15.56 3
    endloop
  endfacet
  facet normal -0 0 1
    outer loop
      vertex -14.7979 14.7979 3
      vertex -11.2 11.5 3
      vertex -14.6513 14.9651 3
    endloop
  endfacet
  facet normal 0 0 1
    outer loop
      vertex -11.2 -11.5 3
      vertex -14.5278 -15.15 3
      vertex -14.4294 -15.3494 3
    endloop
  endfacet
  facet normal -0 0 1
    outer loop
      vertex -14.9651 14.6513 3
      vertex -11.2 11.5 3
      vertex -14.7979 14.7979 3
    endloop
  endfacet
  facet normal 0 0 1
    outer loop
      vertex -11.2 -11.5 3
      vertex -14.6513 -14.9651 3
      vertex -14.5278 -15.15 3
    endloop
  endfacet
  facet normal -0 0 1
    outer loop
      vertex -15.15 14.5278 3
      vertex -11.2 11.5 3
      vertex -14.9651 14.6513 3
    endloop
  endfacet
  facet normal 0 0 1
    outer loop
      vertex -11.2 -11.5 3
      vertex -14.7979 -14.7979 3
      vertex -14.6513 -14.9651 3
    endloop
  endfacet
  facet normal -0 0 1
    outer loop
      vertex -15.3494 14.4294 3
      vertex -11.2 11.5 3
      vertex -15.15 14.5278 3
    endloop
  endfacet
  facet normal 0 0 1
    outer loop
      vertex -11.2 -11.5 3
      vertex -14.9651 -14.6513 3
      vertex -14.7979 -14.7979 3
    endloop
  endfacet
  facet normal -0 0 1
    outer loop
      vertex -15.56 14.3579 3
      vertex -11.2 11.5 3
      vertex -15.3494 14.4294 3
    endloop
  endfacet
  facet normal 0 0 1
    outer loop
      vertex -11.2 -11.5 3
      vertex -15.15 -14.5278 3
      vertex -14.9651 -14.6513 3
    endloop
  endfacet
  facet normal -0 0 1
    outer loop
      vertex -15.7781 14.3145 3
      vertex -11.2 11.5 3
      vertex -15.56 14.3579 3
    endloop
  endfacet
  facet normal 0 0 1
    outer loop
      vertex -11.2 -11.5 3
      vertex -15.3494 -14.4294 3
      vertex -15.15 -14.5278 3
    endloop
  endfacet
  facet normal -0 0 1
    outer loop
      vertex -16 14.3 3
      vertex -11.2 11.5 3
      vertex -15.7781 14.3145 3
    endloop
  endfacet
  facet normal 0 0 1
    outer loop
      vertex -11.2 -11.5 3
      vertex -15.56 -14.3579 3
      vertex -15.3494 -14.4294 3
    endloop
  endfacet
  facet normal 0 0 1
    outer loop
      vertex -16.2219 14.3145 3
      vertex -11.2 11.5 3
      vertex -16 14.3 3
    endloop
  endfacet
  facet normal 0 0 1
    outer loop
      vertex -11.2 -11.5 3
      vertex -15.7781 -14.3145 3
      vertex -15.56 -14.3579 3
    endloop
  endfacet
  facet normal 0 0 1
    outer loop
      vertex -16.44 14.3579 3
      vertex -11.2 11.5 3
      vertex -16.2219 14.3145 3
    endloop
  endfacet
  facet normal 0 0 1
    outer loop
      vertex -11.2 -11.5 3
      vertex -16 -14.3 3
      vertex -15.7781 -14.3145 3
    endloop
  endfacet
  facet normal 0 0 1
    outer loop
      vertex -11.2 11.5 3
      vertex -16.44 14.3579 3
      vertex -11.2 -11.5 3
    endloop
  endfacet
  facet normal 0 0 1
    outer loop
      vertex -11.2 -11.5 3
      vertex -16.2219 -14.3145 3
      vertex -16 -14.3 3
    endloop
  endfacet
  facet normal 0 0 1
    outer loop
      vertex -16.44 -14.3579 3
      vertex -11.2 -11.5 3
      vertex -16.44 14.3579 3
    endloop
  endfacet
  facet normal 0 0 1
    outer loop
      vertex -11.2 -11.5 3
      vertex -16.44 -14.3579 3
      vertex -16.2219 -14.3145 3
    endloop
  endfacet
  facet normal 0 0 1
    outer loop
      vertex -16.6506 14.4294 3
      vertex -16.44 -14.3579 3
      vertex -16.44 14.3579 3
    endloop
  endfacet
  facet normal 0 0 1
    outer loop
      vertex -16.6506 14.4294 3
      vertex -16.6506 -14.4294 3
      vertex -16.44 -14.3579 3
    endloop
  endfacet
  facet normal 0 0 1
    outer loop
      vertex -16.85 14.5278 3
      vertex -16.6506 -14.4294 3
      vertex -16.6506 14.4294 3
    endloop
  endfacet
  facet normal 0 0 1
    outer loop
      vertex -16.85 14.5278 3
      vertex -16.85 -14.5278 3
      vertex -16.6506 -14.4294 3
    endloop
  endfacet
  facet normal 0 0 1
    outer loop
      vertex -17.0349 14.6513 3
      vertex -16.85 -14.5278 3
      vertex -16.85 14.5278 3
    endloop
  endfacet
  facet normal 0 0 1
    outer loop
      vertex -17.0349 14.6513 3
      vertex -17.0349 -14.6513 3
      vertex -16.85 -14.5278 3
    endloop
  endfacet
  facet normal 0 0 1
    outer loop
      vertex -17.2021 14.7979 3
      vertex -17.0349 -14.6513 3
      vertex -17.0349 14.6513 3
    endloop
  endfacet
  facet normal 0 0 1
    outer loop
      vertex -17.2021 14.7979 3
      vertex -17.2021 -14.7979 3
      vertex -17.0349 -14.6513 3
    endloop
  endfacet
  facet normal 0 0 1
    outer loop
      vertex -17.3487 14.9651 3
      vertex -17.2021 -14.7979 3
      vertex -17.2021 14.7979 3
    endloop
  endfacet
  facet normal 0 0 1
    outer loop
      vertex -17.3487 14.9651 3
      vertex -17.3487 -14.9651 3
      vertex -17.2021 -14.7979 3
    endloop
  endfacet
  facet normal 0 0 1
    outer loop
      vertex -17.4722 15.15 3
      vertex -17.3487 -14.9651 3
      vertex -17.3487 14.9651 3
    endloop
  endfacet
  facet normal 0 0 1
    outer loop
      vertex -17.4722 15.15 3
      vertex -17.4722 -15.15 3
      vertex -17.3487 -14.9651 3
    endloop
  endfacet
  facet normal 0 0 1
    outer loop
      vertex -17.5706 15.3494 3
      vertex -17.4722 -15.15 3
      vertex -17.4722 15.15 3
    endloop
  endfacet
  facet normal 0 0 1
    outer loop
      vertex -17.5706 15.3494 3
      vertex -17.5706 -15.3494 3
      vertex -17.4722 -15.15 3
    endloop
  endfacet
  facet normal 0 0 1
    outer loop
      vertex -21 21 3
      vertex -17.5706 15.3494 3
      vertex -17.6421 15.56 3
    endloop
  endfacet
  facet normal 0 0 1
    outer loop
      vertex -17.5706 15.3494 3
      vertex -21 21 3
      vertex -17.5706 -15.3494 3
    endloop
  endfacet
  facet normal 0 0 1
    outer loop
      vertex -21 21 3
      vertex -17.6421 15.56 3
      vertex -17.6855 15.7781 3
    endloop
  endfacet
  facet normal 0 0 1
    outer loop
      vertex -21 -21 3
      vertex -17.5706 -15.3494 3
      vertex -21 21 3
    endloop
  endfacet
  facet normal 0 0 1
    outer loop
      vertex -21 21 3
      vertex -17.6855 15.7781 3
      vertex -17.7 16 3
    endloop
  endfacet
  facet normal 0 0 1
    outer loop
      vertex -17.5706 -15.3494 3
      vertex -21 -21 3
      vertex -17.6421 -15.56 3
    endloop
  endfacet
  facet normal 0 0 1
    outer loop
      vertex 17.5706 15.3494 3
      vertex 21 21 3
      vertex 17.6421 15.56 3
    endloop
  endfacet
  facet normal 0 0 1
    outer loop
      vertex 21 -21 3
      vertex 17.6855 -15.7781 3
      vertex 17.7 -16 3
    endloop
  endfacet
  facet normal 0 0 1
    outer loop
      vertex 21 21 3
      vertex 17.5706 15.3494 3
      vertex 21 -21 3
    endloop
  endfacet
  facet normal 0 0 1
    outer loop
      vertex 21 -21 3
      vertex 17.6421 -15.56 3
      vertex 17.6855 -15.7781 3
    endloop
  endfacet
  facet normal -0 0 1
    outer loop
      vertex 17.5706 -15.3494 3
      vertex 21 -21 3
      vertex 17.5706 15.3494 3
    endloop
  endfacet
  facet normal 0 0 1
    outer loop
      vertex 21 -21 3
      vertex 17.5706 -15.3494 3
      vertex 17.6421 -15.56 3
    endloop
  endfacet
  facet normal -0 0 1
    outer loop
      vertex 17.4722 15.15 3
      vertex 17.5706 -15.3494 3
      vertex 17.5706 15.3494 3
    endloop
  endfacet
  facet normal 0 0 1
    outer loop
      vertex 17.4722 15.15 3
      vertex 17.4722 -15.15 3
      vertex 17.5706 -15.3494 3
    endloop
  endfacet
  facet normal -0 0 1
    outer loop
      vertex 17.3487 14.9651 3
      vertex 17.4722 -15.15 3
      vertex 17.4722 15.15 3
    endloop
  endfacet
  facet normal 0 0 1
    outer loop
      vertex 17.3487 14.9651 3
      vertex 17.3487 -14.9651 3
      vertex 17.4722 -15.15 3
    endloop
  endfacet
  facet normal -0 0 1
    outer loop
      vertex 17.2021 14.7979 3
      vertex 17.3487 -14.9651 3
      vertex 17.3487 14.9651 3
    endloop
  endfacet
  facet normal 0 0 1
    outer loop
      vertex 17.2021 14.7979 3
      vertex 17.2021 -14.7979 3
      vertex 17.3487 -14.9651 3
    endloop
  endfacet
  facet normal -0 0 1
    outer loop
      vertex 17.0349 14.6513 3
      vertex 17.2021 -14.7979 3
      vertex 17.2021 14.7979 3
    endloop
  endfacet
  facet normal 0 0 1
    outer loop
      vertex 17.0349 14.6513 3
      vertex 17.0349 -14.6513 3
      vertex 17.2021 -14.7979 3
    endloop
  endfacet
  facet normal -0 0 1
    outer loop
      vertex 16.85 14.5278 3
      vertex 17.0349 -14.6513 3
      vertex 17.0349 14.6513 3
    endloop
  endfacet
  facet normal 0 0 1
    outer loop
      vertex 16.85 14.5278 3
      vertex 16.85 -14.5278 3
      vertex 17.0349 -14.6513 3
    endloop
  endfacet
  facet normal -0 0 1
    outer loop
      vertex 16.6506 14.4294 3
      vertex 16.85 -14.5278 3
      vertex 16.85 14.5278 3
    endloop
  endfacet
  facet normal 0 0 1
    outer loop
      vertex 16.6506 14.4294 3
      vertex 16.6506 -14.4294 3
      vertex 16.85 -14.5278 3
    endloop
  endfacet
  facet normal -0 0 1
    outer loop
      vertex 16.44 14.3579 3
      vertex 16.6506 -14.4294 3
      vertex 16.6506 14.4294 3
    endloop
  endfacet
  facet normal 0 0 1
    outer loop
      vertex 16.44 14.3579 3
      vertex 16.44 -14.3579 3
      vertex 16.6506 -14.4294 3
    endloop
  endfacet
  facet normal 0 0 1
    outer loop
      vertex 11.2 11.5 3
      vertex 16.44 14.3579 3
      vertex 16.2219 14.3145 3
    endloop
  endfacet
  facet normal 0 0 1
    outer loop
      vertex 16.44 14.3579 3
      vertex 11.2 11.5 3
      vertex 16.44 -14.3579 3
    endloop
  endfacet
  facet normal 0 0 1
    outer loop
      vertex 11.2 11.5 3
      vertex 16.2219 14.3145 3
      vertex 16 14.3 3
    endloop
  endfacet
  facet normal -0 0 1
    outer loop
      vertex 11.2 -11.5 3
      vertex 16.44 -14.3579 3
      vertex 11.2 11.5 3
    endloop
  endfacet
  facet normal 0 0 1
    outer loop
      vertex 11.2 11.5 3
      vertex 16 14.3 3
      vertex 15.7781 14.3145 3
    endloop
  endfacet
  facet normal 0 0 1
    outer loop
      vertex 16.44 -14.3579 3
      vertex 11.2 -11.5 3
      vertex 16.2219 -14.3145 3
    endloop
  endfacet
  facet normal 0 0 1
    outer loop
      vertex 11.2 11.5 3
      vertex 15.7781 14.3145 3
      vertex 15.56 14.3579 3
    endloop
  endfacet
  facet normal 0 0 1
    outer loop
      vertex 16.2219 -14.3145 3
      vertex 11.2 -11.5 3
      vertex 16 -14.3 3
    endloop
  endfacet
  facet normal 0 0 1
    outer loop
      vertex 11.2 11.5 3
      vertex 15.56 14.3579 3
      vertex 15.3494 14.4294 3
    endloop
  endfacet
  facet normal 0 0 1
    outer loop
      vertex 16 -14.3 3
      vertex 11.2 -11.5 3
      vertex 15.7781 -14.3145 3
    endloop
  endfacet
  facet normal 0 0 1
    outer loop
      vertex 11.2 11.5 3
      vertex 15.3494 14.4294 3
      vertex 15.15 14.5278 3
    endloop
  endfacet
  facet normal 0 0 1
    outer loop
      vertex 15.7781 -14.3145 3
      vertex 11.2 -11.5 3
      vertex 15.56 -14.3579 3
    endloop
  endfacet
  facet normal 0 0 1
    outer loop
      vertex 11.2 11.5 3
      vertex 15.15 14.5278 3
      vertex 14.9651 14.6513 3
    endloop
  endfacet
  facet normal 0 0 1
    outer loop
      vertex 15.56 -14.3579 3
      vertex 11.2 -11.5 3
      vertex 15.3494 -14.4294 3
    endloop
  endfacet
  facet normal 0 0 1
    outer loop
      vertex 11.2 11.5 3
      vertex 14.9651 14.6513 3
      vertex 14.7979 14.7979 3
    endloop
  endfacet
  facet normal 0 0 1
    outer loop
      vertex 15.3494 -14.4294 3
      vertex 11.2 -11.5 3
      vertex 15.15 -14.5278 3
    endloop
  endfacet
  facet normal 0 0 1
    outer loop
      vertex 11.2 11.5 3
      vertex 14.7979 14.7979 3
      vertex 14.6513 14.9651 3
    endloop
  endfacet
  facet normal 0 0 1
    outer loop
      vertex 15.15 -14.5278 3
      vertex 11.2 -11.5 3
      vertex 14.9651 -14.6513 3
    endloop
  endfacet
  facet normal 0 0 1
    outer loop
      vertex 11.2 11.5 3
      vertex 14.6513 14.9651 3
      vertex 14.5278 15.15 3
    endloop
  endfacet
  facet normal 0 0 1
    outer loop
      vertex 14.9651 -14.6513 3
      vertex 11.2 -11.5 3
      vertex 14.7979 -14.7979 3
    endloop
  endfacet
  facet normal 0 0 1
    outer loop
      vertex 11.2 11.5 3
      vertex 14.5278 15.15 3
      vertex 14.4294 15.3494 3
    endloop
  endfacet
  facet normal 0 0 1
    outer loop
      vertex 14.7979 -14.7979 3
      vertex 11.2 -11.5 3
      vertex 14.6513 -14.9651 3
    endloop
  endfacet
  facet normal 0 0 1
    outer loop
      vertex 11.2 11.5 3
      vertex 14.4294 15.3494 3
      vertex 14.3579 15.56 3
    endloop
  endfacet
  facet normal 0 0 1
    outer loop
      vertex 14.6513 -14.9651 3
      vertex 11.2 -11.5 3
      vertex 14.5278 -15.15 3
    endloop
  endfacet
  facet normal 0 0 1
    outer loop
      vertex 11.2 11.5 3
      vertex 14.3579 15.56 3
      vertex 14.3145 15.7781 3
    endloop
  endfacet
  facet normal 0 0 1
    outer loop
      vertex 14.5278 -15.15 3
      vertex 11.2 -11.5 3
      vertex 14.4294 -15.3494 3
    endloop
  endfacet
  facet normal 0 0 1
    outer loop
      vertex 11.2 11.5 3
      vertex 14.3145 15.7781 3
      vertex 14.3 16 3
    endloop
  endfacet
  facet normal 0 0 1
    outer loop
      vertex 14.4294 -15.3494 3
      vertex 11.2 -11.5 3
      vertex 14.3579 -15.56 3
    endloop
  endfacet
  facet normal 0 0 1
    outer loop
      vertex 17.6855 15.7781 3
      vertex 21 21 3
      vertex 17.7 16 3
    endloop
  endfacet
  facet normal 0 0 1
    outer loop
      vertex 21 21 3
      vertex 17.6855 16.2219 3
      vertex 17.7 16 3
    endloop
  endfacet
  facet normal 0 0 1
    outer loop
      vertex 21 21 3
      vertex 17.6421 16.44 3
      vertex 17.6855 16.2219 3
    endloop
  endfacet
  facet normal 0 0 1
    outer loop
      vertex 21 21 3
      vertex 17.5706 16.6506 3
      vertex 17.6421 16.44 3
    endloop
  endfacet
  facet normal 0 0 1
    outer loop
      vertex 21 21 3
      vertex 17.4722 16.85 3
      vertex 17.5706 16.6506 3
    endloop
  endfacet
  facet normal 0 0 1
    outer loop
      vertex 21 21 3
      vertex 17.3487 17.0349 3
      vertex 17.4722 16.85 3
    endloop
  endfacet
  facet normal 0 0 1
    outer loop
      vertex 21 21 3
      vertex 17.2021 17.2021 3
      vertex 17.3487 17.0349 3
    endloop
  endfacet
  facet normal 0 0 1
    outer loop
      vertex 21 21 3
      vertex 17.0349 17.3487 3
      vertex 17.2021 17.2021 3
    endloop
  endfacet
  facet normal 0 0 1
    outer loop
      vertex 21 21 3
      vertex 16.85 17.4722 3
      vertex 17.0349 17.3487 3
    endloop
  endfacet
  facet normal 0 0 1
    outer loop
      vertex 21 21 3
      vertex 16.6506 17.5706 3
      vertex 16.85 17.4722 3
    endloop
  endfacet
  facet normal 0 0 1
    outer loop
      vertex 21 21 3
      vertex 16.44 17.6421 3
      vertex 16.6506 17.5706 3
    endloop
  endfacet
  facet normal 0 0 1
    outer loop
      vertex 21 21 3
      vertex 16.2219 17.6855 3
      vertex 16.44 17.6421 3
    endloop
  endfacet
  facet normal 0 0 1
    outer loop
      vertex 21 21 3
      vertex 16 17.7 3
      vertex 16.2219 17.6855 3
    endloop
  endfacet
  facet normal 0 0 1
    outer loop
      vertex 21 21 3
      vertex 15.7781 17.6855 3
      vertex 16 17.7 3
    endloop
  endfacet
  facet normal 0 0 1
    outer loop
      vertex 21 21 3
      vertex 15.56 17.6421 3
      vertex 15.7781 17.6855 3
    endloop
  endfacet
  facet normal 0 0 1
    outer loop
      vertex 21 21 3
      vertex 15.3494 17.5706 3
      vertex 15.56 17.6421 3
    endloop
  endfacet
  facet normal 0 0 1
    outer loop
      vertex 21 21 3
      vertex 15.15 17.4722 3
      vertex 15.3494 17.5706 3
    endloop
  endfacet
  facet normal 0 0 1
    outer loop
      vertex 14.3579 -15.56 3
      vertex 11.2 -11.5 3
      vertex 14.3145 -15.7781 3
    endloop
  endfacet
  facet normal 0 0 1
    outer loop
      vertex 14.3145 16.2219 3
      vertex 11.2 11.5 3
      vertex 14.3 16 3
    endloop
  endfacet
  facet normal 0 0 1
    outer loop
      vertex 14.3579 16.44 3
      vertex 11.2 11.5 3
      vertex 14.3145 16.2219 3
    endloop
  endfacet
  facet normal 0 0 1
    outer loop
      vertex 14.4294 16.6506 3
      vertex 11.2 11.5 3
      vertex 14.3579 16.44 3
    endloop
  endfacet
  facet normal 0 0 1
    outer loop
      vertex -14.4294 16.6506 3
      vertex 14.4294 16.6506 3
      vertex 14.5278 16.85 3
    endloop
  endfacet
  facet normal 0 0 1
    outer loop
      vertex 14.4294 16.6506 3
      vertex -11.2 11.5 3
      vertex 11.2 11.5 3
    endloop
  endfacet
  facet normal 0 0 1
    outer loop
      vertex -14.5278 16.85 3
      vertex 14.5278 16.85 3
      vertex 14.6513 17.0349 3
    endloop
  endfacet
  facet normal 0 0 1
    outer loop
      vertex -14.6513 17.0349 3
      vertex 14.6513 17.0349 3
      vertex 14.7979 17.2021 3
    endloop
  endfacet
  facet normal 0 0 1
    outer loop
      vertex -14.7979 17.2021 3
      vertex 14.7979 17.2021 3
      vertex 14.9651 17.3487 3
    endloop
  endfacet
  facet normal 0 0 1
    outer loop
      vertex -14.9651 17.3487 3
      vertex 14.9651 17.3487 3
      vertex 15.15 17.4722 3
    endloop
  endfacet
  facet normal 0 0 1
    outer loop
      vertex -15.15 17.4722 3
      vertex 15.15 17.4722 3
      vertex 21 21 3
    endloop
  endfacet
  facet normal -0 0 1
    outer loop
      vertex -14.3145 15.7781 3
      vertex -11.2 11.5 3
      vertex -14.3 16 3
    endloop
  endfacet
  facet normal 0 0 1
    outer loop
      vertex 14.4294 16.6506 3
      vertex -14.4294 16.6506 3
      vertex -11.2 11.5 3
    endloop
  endfacet
  facet normal 0 0 1
    outer loop
      vertex -11.2 11.5 3
      vertex -14.3145 16.2219 3
      vertex -14.3 16 3
    endloop
  endfacet
  facet normal 0 0 1
    outer loop
      vertex -11.2 11.5 3
      vertex -14.3579 16.44 3
      vertex -14.3145 16.2219 3
    endloop
  endfacet
  facet normal 0 0 1
    outer loop
      vertex -11.2 11.5 3
      vertex -14.4294 16.6506 3
      vertex -14.3579 16.44 3
    endloop
  endfacet
  facet normal 0 0 1
    outer loop
      vertex 14.5278 16.85 3
      vertex -14.5278 16.85 3
      vertex -14.4294 16.6506 3
    endloop
  endfacet
  facet normal 0 0 1
    outer loop
      vertex 14.6513 17.0349 3
      vertex -14.6513 17.0349 3
      vertex -14.5278 16.85 3
    endloop
  endfacet
  facet normal 0 0 1
    outer loop
      vertex 14.7979 17.2021 3
      vertex -14.7979 17.2021 3
      vertex -14.6513 17.0349 3
    endloop
  endfacet
  facet normal 0 0 1
    outer loop
      vertex 14.9651 17.3487 3
      vertex -14.9651 17.3487 3
      vertex -14.7979 17.2021 3
    endloop
  endfacet
  facet normal 0 0 1
    outer loop
      vertex 15.15 17.4722 3
      vertex -15.15 17.4722 3
      vertex -14.9651 17.3487 3
    endloop
  endfacet
  facet normal 0 0 1
    outer loop
      vertex 21 21 3
      vertex -15.3494 17.5706 3
      vertex -15.15 17.4722 3
    endloop
  endfacet
  facet normal -0 0 1
    outer loop
      vertex -21 21 3
      vertex -15.3494 17.5706 3
      vertex 21 21 3
    endloop
  endfacet
  facet normal 0 0 1
    outer loop
      vertex -15.3494 17.5706 3
      vertex -21 21 3
      vertex -15.56 17.6421 3
    endloop
  endfacet
  facet normal 0 0 1
    outer loop
      vertex -15.56 17.6421 3
      vertex -21 21 3
      vertex -15.7781 17.6855 3
    endloop
  endfacet
  facet normal 0 0 1
    outer loop
      vertex -15.7781 17.6855 3
      vertex -21 21 3
      vertex -16 17.7 3
    endloop
  endfacet
  facet normal 0 0 1
    outer loop
      vertex -17.6421 -15.56 3
      vertex -21 -21 3
      vertex -17.6855 -15.7781 3
    endloop
  endfacet
  facet normal 0 0 1
    outer loop
      vertex -17.6855 16.2219 3
      vertex -21 21 3
      vertex -17.7 16 3
    endloop
  endfacet
  facet normal 0 0 1
    outer loop
      vertex -17.6421 16.44 3
      vertex -21 21 3
      vertex -17.6855 16.2219 3
    endloop
  endfacet
  facet normal 0 0 1
    outer loop
      vertex -17.5706 16.6506 3
      vertex -21 21 3
      vertex -17.6421 16.44 3
    endloop
  endfacet
  facet normal 0 0 1
    outer loop
      vertex -17.4722 16.85 3
      vertex -21 21 3
      vertex -17.5706 16.6506 3
    endloop
  endfacet
  facet normal 0 0 1
    outer loop
      vertex -17.3487 17.0349 3
      vertex -21 21 3
      vertex -17.4722 16.85 3
    endloop
  endfacet
  facet normal 0 0 1
    outer loop
      vertex -17.2021 17.2021 3
      vertex -21 21 3
      vertex -17.3487 17.0349 3
    endloop
  endfacet
  facet normal 0 0 1
    outer loop
      vertex -17.0349 17.3487 3
      vertex -21 21 3
      vertex -17.2021 17.2021 3
    endloop
  endfacet
  facet normal 0 0 1
    outer loop
      vertex -16.85 17.4722 3
      vertex -21 21 3
      vertex -17.0349 17.3487 3
    endloop
  endfacet
  facet normal 0 0 1
    outer loop
      vertex -16.6506 17.5706 3
      vertex -21 21 3
      vertex -16.85 17.4722 3
    endloop
  endfacet
  facet normal 0 0 1
    outer loop
      vertex -16.44 17.6421 3
      vertex -21 21 3
      vertex -16.6506 17.5706 3
    endloop
  endfacet
  facet normal 0 0 1
    outer loop
      vertex -16.2219 17.6855 3
      vertex -21 21 3
      vertex -16.44 17.6421 3
    endloop
  endfacet
  facet normal 0 0 1
    outer loop
      vertex -16 17.7 3
      vertex -21 21 3
      vertex -16.2219 17.6855 3
    endloop
  endfacet
  facet normal 0 0 1
    outer loop
      vertex 17.6421 15.56 3
      vertex 21 21 3
      vertex 17.6855 15.7781 3
    endloop
  endfacet
  facet normal -0 0 1
    outer loop
      vertex 17.6855 -16.2219 3
      vertex 21 -21 3
      vertex 17.7 -16 3
    endloop
  endfacet
  facet normal -0 0 1
    outer loop
      vertex 17.6421 -16.44 3
      vertex 21 -21 3
      vertex 17.6855 -16.2219 3
    endloop
  endfacet
  facet normal -0 0 1
    outer loop
      vertex 17.5706 -16.6506 3
      vertex 21 -21 3
      vertex 17.6421 -16.44 3
    endloop
  endfacet
  facet normal -0 0 1
    outer loop
      vertex 17.4722 -16.85 3
      vertex 21 -21 3
      vertex 17.5706 -16.6506 3
    endloop
  endfacet
  facet normal -0 0 1
    outer loop
      vertex 17.3487 -17.0349 3
      vertex 21 -21 3
      vertex 17.4722 -16.85 3
    endloop
  endfacet
  facet normal -0 0 1
    outer loop
      vertex 17.2021 -17.2021 3
      vertex 21 -21 3
      vertex 17.3487 -17.0349 3
    endloop
  endfacet
  facet normal -0 0 1
    outer loop
      vertex 17.0349 -17.3487 3
      vertex 21 -21 3
      vertex 17.2021 -17.2021 3
    endloop
  endfacet
  facet normal -0 0 1
    outer loop
      vertex 16.85 -17.4722 3
      vertex 21 -21 3
      vertex 17.0349 -17.3487 3
    endloop
  endfacet
  facet normal -0 0 1
    outer loop
      vertex 16.6506 -17.5706 3
      vertex 21 -21 3
      vertex 16.85 -17.4722 3
    endloop
  endfacet
  facet normal -0 0 1
    outer loop
      vertex 16.44 -17.6421 3
      vertex 21 -21 3
      vertex 16.6506 -17.5706 3
    endloop
  endfacet
  facet normal -0 0 1
    outer loop
      vertex 16.2219 -17.6855 3
      vertex 21 -21 3
      vertex 16.44 -17.6421 3
    endloop
  endfacet
  facet normal -0 0 1
    outer loop
      vertex 16 -17.7 3
      vertex 21 -21 3
      vertex 16.2219 -17.6855 3
    endloop
  endfacet
  facet normal 0 0 1
    outer loop
      vertex 15.7781 -17.6855 3
      vertex 21 -21 3
      vertex 16 -17.7 3
    endloop
  endfacet
  facet normal 0 0 1
    outer loop
      vertex 15.56 -17.6421 3
      vertex 21 -21 3
      vertex 15.7781 -17.6855 3
    endloop
  endfacet
  facet normal 0 0 1
    outer loop
      vertex 15.3494 -17.5706 3
      vertex 21 -21 3
      vertex 15.56 -17.6421 3
    endloop
  endfacet
  facet normal 0 0 1
    outer loop
      vertex 15.15 -17.4722 3
      vertex 21 -21 3
      vertex 15.3494 -17.5706 3
    endloop
  endfacet
  facet normal 0 0 1
    outer loop
      vertex 14.3145 -15.7781 3
      vertex 11.2 -11.5 3
      vertex 14.3 -16 3
    endloop
  endfacet
  facet normal 0 0 1
    outer loop
      vertex 14.3 -16 3
      vertex 11.2 -11.5 3
      vertex 14.3145 -16.2219 3
    endloop
  endfacet
  facet normal 0 0 1
    outer loop
      vertex 11.2 -11.5 3
      vertex 14.3579 -16.44 3
      vertex 14.3145 -16.2219 3
    endloop
  endfacet
  facet normal 0 0 1
    outer loop
      vertex 11.2 -11.5 3
      vertex 14.4294 -16.6506 3
      vertex 14.3579 -16.44 3
    endloop
  endfacet
  facet normal -0 0 1
    outer loop
      vertex -11.2 -11.5 3
      vertex 14.4294 -16.6506 3
      vertex 11.2 -11.5 3
    endloop
  endfacet
  facet normal 0 0 1
    outer loop
      vertex -14.4294 -16.6506 3
      vertex 14.4294 -16.6506 3
      vertex -11.2 -11.5 3
    endloop
  endfacet
  facet normal 0 0 1
    outer loop
      vertex 14.4294 -16.6506 3
      vertex -14.4294 -16.6506 3
      vertex 14.5278 -16.85 3
    endloop
  endfacet
  facet normal 0 0 1
    outer loop
      vertex -14.5278 -16.85 3
      vertex 14.5278 -16.85 3
      vertex -14.4294 -16.6506 3
    endloop
  endfacet
  facet normal 0 0 1
    outer loop
      vertex 14.5278 -16.85 3
      vertex -14.5278 -16.85 3
      vertex 14.6513 -17.0349 3
    endloop
  endfacet
  facet normal 0 0 1
    outer loop
      vertex -14.6513 -17.0349 3
      vertex 14.6513 -17.0349 3
      vertex -14.5278 -16.85 3
    endloop
  endfacet
  facet normal 0 0 1
    outer loop
      vertex 14.6513 -17.0349 3
      vertex -14.6513 -17.0349 3
      vertex 14.7979 -17.2021 3
    endloop
  endfacet
  facet normal -0 0 1
    outer loop
      vertex -14.3579 15.56 3
      vertex -11.2 11.5 3
      vertex -14.3145 15.7781 3
    endloop
  endfacet
  facet normal 0 0 1
    outer loop
      vertex -14.3145 -16.2219 3
      vertex -11.2 -11.5 3
      vertex -14.3 -16 3
    endloop
  endfacet
  facet normal 0 0 1
    outer loop
      vertex -14.3579 -16.44 3
      vertex -11.2 -11.5 3
      vertex -14.3145 -16.2219 3
    endloop
  endfacet
  facet normal 0 0 1
    outer loop
      vertex -14.4294 -16.6506 3
      vertex -11.2 -11.5 3
      vertex -14.3579 -16.44 3
    endloop
  endfacet
  facet normal 0 0 1
    outer loop
      vertex -14.7979 -17.2021 3
      vertex 14.7979 -17.2021 3
      vertex -14.6513 -17.0349 3
    endloop
  endfacet
  facet normal 0 0 1
    outer loop
      vertex 14.7979 -17.2021 3
      vertex -14.7979 -17.2021 3
      vertex 14.9651 -17.3487 3
    endloop
  endfacet
  facet normal 0 0 1
    outer loop
      vertex -14.9651 -17.3487 3
      vertex 14.9651 -17.3487 3
      vertex -14.7979 -17.2021 3
    endloop
  endfacet
  facet normal 0 0 1
    outer loop
      vertex 14.9651 -17.3487 3
      vertex -14.9651 -17.3487 3
      vertex 15.15 -17.4722 3
    endloop
  endfacet
  facet normal 0 0 1
    outer loop
      vertex -15.15 -17.4722 3
      vertex 15.15 -17.4722 3
      vertex -14.9651 -17.3487 3
    endloop
  endfacet
  facet normal 0 0 1
    outer loop
      vertex 15.15 -17.4722 3
      vertex -15.15 -17.4722 3
      vertex 21 -21 3
    endloop
  endfacet
  facet normal -0 0 1
    outer loop
      vertex -15.3494 -17.5706 3
      vertex 21 -21 3
      vertex -15.15 -17.4722 3
    endloop
  endfacet
  facet normal 0 0 1
    outer loop
      vertex -21 -21 3
      vertex -15.3494 -17.5706 3
      vertex -15.56 -17.6421 3
    endloop
  endfacet
  facet normal 0 0 1
    outer loop
      vertex -21 -21 3
      vertex -15.56 -17.6421 3
      vertex -15.7781 -17.6855 3
    endloop
  endfacet
  facet normal 0 0 1
    outer loop
      vertex -21 -21 3
      vertex -15.7781 -17.6855 3
      vertex -16 -17.7 3
    endloop
  endfacet
  facet normal 0 0 1
    outer loop
      vertex -21 -21 3
      vertex -16 -17.7 3
      vertex -16.2219 -17.6855 3
    endloop
  endfacet
  facet normal 0 0 1
    outer loop
      vertex -17.6855 -15.7781 3
      vertex -21 -21 3
      vertex -17.7 -16 3
    endloop
  endfacet
  facet normal 0 0 1
    outer loop
      vertex -15.3494 -17.5706 3
      vertex -21 -21 3
      vertex 21 -21 3
    endloop
  endfacet
  facet normal 0 0 1
    outer loop
      vertex -16.44 -17.6421 3
      vertex -21 -21 3
      vertex -16.2219 -17.6855 3
    endloop
  endfacet
  facet normal 0 0 1
    outer loop
      vertex -16.6506 -17.5706 3
      vertex -21 -21 3
      vertex -16.44 -17.6421 3
    endloop
  endfacet
  facet normal 0 0 1
    outer loop
      vertex -16.85 -17.4722 3
      vertex -21 -21 3
      vertex -16.6506 -17.5706 3
    endloop
  endfacet
  facet normal 0 0 1
    outer loop
      vertex -17.0349 -17.3487 3
      vertex -21 -21 3
      vertex -16.85 -17.4722 3
    endloop
  endfacet
  facet normal 0 0 1
    outer loop
      vertex -17.2021 -17.2021 3
      vertex -21 -21 3
      vertex -17.0349 -17.3487 3
    endloop
  endfacet
  facet normal 0 0 1
    outer loop
      vertex -17.3487 -17.0349 3
      vertex -21 -21 3
      vertex -17.2021 -17.2021 3
    endloop
  endfacet
  facet normal 0 0 1
    outer loop
      vertex -17.4722 -16.85 3
      vertex -21 -21 3
      vertex -17.3487 -17.0349 3
    endloop
  endfacet
  facet normal 0 0 1
    outer loop
      vertex -17.5706 -16.6506 3
      vertex -21 -21 3
      vertex -17.4722 -16.85 3
    endloop
  endfacet
  facet normal 0 0 1
    outer loop
      vertex -17.6421 -16.44 3
      vertex -21 -21 3
      vertex -17.5706 -16.6506 3
    endloop
  endfacet
  facet normal 0 0 1
    outer loop
      vertex -17.6855 -16.2219 3
      vertex -21 -21 3
      vertex -17.6421 -16.44 3
    endloop
  endfacet
  facet normal 0 0 1
    outer loop
      vertex -17.7 -16 3
      vertex -21 -21 3
      vertex -17.6855 -16.2219 3
    endloop
  endfacet
  facet normal 0 0 -1
    outer loop
      vertex -14.4294 -15.3494 0
      vertex -8.2 -8.5 0
      vertex -14.3579 -15.56 0
    endloop
  endfacet
  facet normal 0 0 -1
    outer loop
      vertex -8.2 8.5 0
      vertex -14.3145 15.7781 0
      vertex -14.3 16 0
    endloop
  endfacet
  facet normal 0 0 -1
    outer loop
      vertex -14.5278 -15.15 0
      vertex -8.2 -8.5 0
      vertex -14.4294 -15.3494 0
    endloop
  endfacet
  facet normal 0 0 -1
    outer loop
      vertex -8.2 8.5 0
      vertex -14.3579 15.56 0
      vertex -14.3145 15.7781 0
    endloop
  endfacet
  facet normal 0 0 -1
    outer loop
      vertex -14.6513 -14.9651 0
      vertex -8.2 -8.5 0
      vertex -14.5278 -15.15 0
    endloop
  endfacet
  facet normal 0 0 -1
    outer loop
      vertex -8.2 8.5 0
      vertex -14.4294 15.3494 0
      vertex -14.3579 15.56 0
    endloop
  endfacet
  facet normal 0 0 -1
    outer loop
      vertex -14.7979 -14.7979 0
      vertex -8.2 -8.5 0
      vertex -14.6513 -14.9651 0
    endloop
  endfacet
  facet normal 0 0 -1
    outer loop
      vertex -8.2 8.5 0
      vertex -14.5278 15.15 0
      vertex -14.4294 15.3494 0
    endloop
  endfacet
  facet normal 0 0 -1
    outer loop
      vertex -14.9651 -14.6513 0
      vertex -8.2 -8.5 0
      vertex -14.7979 -14.7979 0
    endloop
  endfacet
  facet normal 0 0 -1
    outer loop
      vertex -8.2 8.5 0
      vertex -14.6513 14.9651 0
      vertex -14.5278 15.15 0
    endloop
  endfacet
  facet normal 0 0 -1
    outer loop
      vertex -15.15 -14.5278 0
      vertex -8.2 -8.5 0
      vertex -14.9651 -14.6513 0
    endloop
  endfacet
  facet normal 0 0 -1
    outer loop
      vertex -8.2 8.5 0
      vertex -14.7979 14.7979 0
      vertex -14.6513 14.9651 0
    endloop
  endfacet
  facet normal 0 0 -1
    outer loop
      vertex -15.3494 -14.4294 0
      vertex -8.2 -8.5 0
      vertex -15.15 -14.5278 0
    endloop
  endfacet
  facet normal 0 0 -1
    outer loop
      vertex -8.2 8.5 0
      vertex -14.9651 14.6513 0
      vertex -14.7979 14.7979 0
    endloop
  endfacet
  facet normal 0 0 -1
    outer loop
      vertex -15.56 -14.3579 0
      vertex -8.2 -8.5 0
      vertex -15.3494 -14.4294 0
    endloop
  endfacet
  facet normal 0 0 -1
    outer loop
      vertex -8.2 8.5 0
      vertex -15.15 14.5278 0
      vertex -14.9651 14.6513 0
    endloop
  endfacet
  facet normal 0 0 -1
    outer loop
      vertex -15.7781 -14.3145 0
      vertex -8.2 -8.5 0
      vertex -15.56 -14.3579 0
    endloop
  endfacet
  facet normal 0 0 -1
    outer loop
      vertex -8.2 8.5 0
      vertex -15.3494 14.4294 0
      vertex -15.15 14.5278 0
    endloop
  endfacet
  facet normal 0 0 -1
    outer loop
      vertex -16 -14.3 0
      vertex -8.2 -8.5 0
      vertex -15.7781 -14.3145 0
    endloop
  endfacet
  facet normal 0 0 -1
    outer loop
      vertex -8.2 8.5 0
      vertex -15.56 14.3579 0
      vertex -15.3494 14.4294 0
    endloop
  endfacet
  facet normal 0 0 -1
    outer loop
      vertex -16.2219 -14.3145 0
      vertex -8.2 -8.5 0
      vertex -16 -14.3 0
    endloop
  endfacet
  facet normal 0 0 -1
    outer loop
      vertex -8.2 8.5 0
      vertex -15.7781 14.3145 0
      vertex -15.56 14.3579 0
    endloop
  endfacet
  facet normal 0 0 -1
    outer loop
      vertex -16.44 -14.3579 0
      vertex -8.2 -8.5 0
      vertex -16.2219 -14.3145 0
    endloop
  endfacet
  facet normal 0 0 -1
    outer loop
      vertex -8.2 8.5 0
      vertex -16 14.3 0
      vertex -15.7781 14.3145 0
    endloop
  endfacet
  facet normal -0 0 -1
    outer loop
      vertex -8.2 -8.5 0
      vertex -16.44 -14.3579 0
      vertex -8.2 8.5 0
    endloop
  endfacet
  facet normal 0 0 -1
    outer loop
      vertex -8.2 8.5 0
      vertex -16.2219 14.3145 0
      vertex -16 14.3 0
    endloop
  endfacet
  facet normal 0 0 -1
    outer loop
      vertex -16.44 14.3579 0
      vertex -8.2 8.5 0
      vertex -16.44 -14.3579 0
    endloop
  endfacet
  facet normal 0 0 -1
    outer loop
      vertex -8.2 8.5 0
      vertex -16.44 14.3579 0
      vertex -16.2219 14.3145 0
    endloop
  endfacet
  facet normal 0 0 -1
    outer loop
      vertex -16.6506 -14.4294 0
      vertex -16.44 14.3579 0
      vertex -16.44 -14.3579 0
    endloop
  endfacet
  facet normal 0 0 -1
    outer loop
      vertex -16.6506 -14.4294 0
      vertex -16.6506 14.4294 0
      vertex -16.44 14.3579 0
    endloop
  endfacet
  facet normal 0 0 -1
    outer loop
      vertex -16.85 -14.5278 0
      vertex -16.6506 14.4294 0
      vertex -16.6506 -14.4294 0
    endloop
  endfacet
  facet normal 0 0 -1
    outer loop
      vertex -16.85 -14.5278 0
      vertex -16.85 14.5278 0
      vertex -16.6506 14.4294 0
    endloop
  endfacet
  facet normal 0 0 -1
    outer loop
      vertex -17.0349 -14.6513 0
      vertex -16.85 14.5278 0
      vertex -16.85 -14.5278 0
    endloop
  endfacet
  facet normal 0 0 -1
    outer loop
      vertex -17.0349 -14.6513 0
      vertex -17.0349 14.6513 0
      vertex -16.85 14.5278 0
    endloop
  endfacet
  facet normal 0 0 -1
    outer loop
      vertex -17.2021 -14.7979 0
      vertex -17.0349 14.6513 0
      vertex -17.0349 -14.6513 0
    endloop
  endfacet
  facet normal 0 0 -1
    outer loop
      vertex -17.2021 -14.7979 0
      vertex -17.2021 14.7979 0
      vertex -17.0349 14.6513 0
    endloop
  endfacet
  facet normal 0 0 -1
    outer loop
      vertex -17.3487 -14.9651 0
      vertex -17.2021 14.7979 0
      vertex -17.2021 -14.7979 0
    endloop
  endfacet
  facet normal 0 0 -1
    outer loop
      vertex -17.3487 -14.9651 0
      vertex -17.3487 14.9651 0
      vertex -17.2021 14.7979 0
    endloop
  endfacet
  facet normal 0 0 -1
    outer loop
      vertex -17.4722 -15.15 0
      vertex -17.3487 14.9651 0
      vertex -17.3487 -14.9651 0
    endloop
  endfacet
  facet normal 0 0 -1
    outer loop
      vertex -17.4722 -15.15 0
      vertex -17.4722 15.15 0
      vertex -17.3487 14.9651 0
    endloop
  endfacet
  facet normal 0 0 -1
    outer loop
      vertex -17.5706 -15.3494 0
      vertex -17.4722 15.15 0
      vertex -17.4722 -15.15 0
    endloop
  endfacet
  facet normal 0 0 -1
    outer loop
      vertex -17.5706 -15.3494 0
      vertex -17.5706 15.3494 0
      vertex -17.4722 15.15 0
    endloop
  endfacet
  facet normal 0 0 -1
    outer loop
      vertex -21 -21 0
      vertex -17.5706 -15.3494 0
      vertex -17.6421 -15.56 0
    endloop
  endfacet
  facet normal -0 0 -1
    outer loop
      vertex -17.5706 -15.3494 0
      vertex -21 -21 0
      vertex -17.5706 15.3494 0
    endloop
  endfacet
  facet normal 0 0 -1
    outer loop
      vertex -21 -21 0
      vertex -17.6421 -15.56 0
      vertex -17.6855 -15.7781 0
    endloop
  endfacet
  facet normal 0 0 -1
    outer loop
      vertex -21 21 0
      vertex -17.5706 15.3494 0
      vertex -21 -21 0
    endloop
  endfacet
  facet normal 0 0 -1
    outer loop
      vertex -21 -21 0
      vertex -17.6855 -15.7781 0
      vertex -17.7 -16 0
    endloop
  endfacet
  facet normal 0 0 -1
    outer loop
      vertex -17.5706 15.3494 0
      vertex -21 21 0
      vertex -17.6421 15.56 0
    endloop
  endfacet
  facet normal 0 0 -1
    outer loop
      vertex 17.5706 -15.3494 0
      vertex 21 -21 0
      vertex 17.6421 -15.56 0
    endloop
  endfacet
  facet normal 0 0 -1
    outer loop
      vertex 21 21 0
      vertex 17.6855 15.7781 0
      vertex 17.7 16 0
    endloop
  endfacet
  facet normal 0 0 -1
    outer loop
      vertex 21 -21 0
      vertex 17.5706 -15.3494 0
      vertex 21 21 0
    endloop
  endfacet
  facet normal 0 0 -1
    outer loop
      vertex 21 21 0
      vertex 17.6421 15.56 0
      vertex 17.6855 15.7781 0
    endloop
  endfacet
  facet normal 0 0 -1
    outer loop
      vertex 17.5706 15.3494 0
      vertex 21 21 0
      vertex 17.5706 -15.3494 0
    endloop
  endfacet
  facet normal 0 0 -1
    outer loop
      vertex 21 21 0
      vertex 17.5706 15.3494 0
      vertex 17.6421 15.56 0
    endloop
  endfacet
  facet normal 0 0 -1
    outer loop
      vertex 17.4722 -15.15 0
      vertex 17.5706 15.3494 0
      vertex 17.5706 -15.3494 0
    endloop
  endfacet
  facet normal 0 0 -1
    outer loop
      vertex 17.4722 -15.15 0
      vertex 17.4722 15.15 0
      vertex 17.5706 15.3494 0
    endloop
  endfacet
  facet normal 0 0 -1
    outer loop
      vertex 17.3487 -14.9651 0
      vertex 17.4722 15.15 0
      vertex 17.4722 -15.15 0
    endloop
  endfacet
  facet normal 0 0 -1
    outer loop
      vertex 17.3487 -14.9651 0
      vertex 17.3487 14.9651 0
      vertex 17.4722 15.15 0
    endloop
  endfacet
  facet normal 0 0 -1
    outer loop
      vertex 17.2021 -14.7979 0
      vertex 17.3487 14.9651 0
      vertex 17.3487 -14.9651 0
    endloop
  endfacet
  facet normal 0 0 -1
    outer loop
      vertex 17.2021 -14.7979 0
      vertex 17.2021 14.7979 0
      vertex 17.3487 14.9651 0
    endloop
  endfacet
  facet normal 0 0 -1
    outer loop
      vertex 17.0349 -14.6513 0
      vertex 17.2021 14.7979 0
      vertex 17.2021 -14.7979 0
    endloop
  endfacet
  facet normal 0 0 -1
    outer loop
      vertex 17.0349 -14.6513 0
      vertex 17.0349 14.6513 0
      vertex 17.2021 14.7979 0
    endloop
  endfacet
  facet normal 0 0 -1
    outer loop
      vertex 16.85 -14.5278 0
      vertex 17.0349 14.6513 0
      vertex 17.0349 -14.6513 0
    endloop
  endfacet
  facet normal 0 0 -1
    outer loop
      vertex 16.85 -14.5278 0
      vertex 16.85 14.5278 0
      vertex 17.0349 14.6513 0
    endloop
  endfacet
  facet normal 0 0 -1
    outer loop
      vertex 16.6506 -14.4294 0
      vertex 16.85 14.5278 0
      vertex 16.85 -14.5278 0
    endloop
  endfacet
  facet normal 0 0 -1
    outer loop
      vertex 16.6506 -14.4294 0
      vertex 16.6506 14.4294 0
      vertex 16.85 14.5278 0
    endloop
  endfacet
  facet normal 0 0 -1
    outer loop
      vertex 16.44 -14.3579 0
      vertex 16.6506 14.4294 0
      vertex 16.6506 -14.4294 0
    endloop
  endfacet
  facet normal 0 0 -1
    outer loop
      vertex 16.44 -14.3579 0
      vertex 16.44 14.3579 0
      vertex 16.6506 14.4294 0
    endloop
  endfacet
  facet normal 0 0 -1
    outer loop
      vertex 8.2 -8.5 0
      vertex 16.44 -14.3579 0
      vertex 16.2219 -14.3145 0
    endloop
  endfacet
  facet normal 0 0 -1
    outer loop
      vertex 16.44 -14.3579 0
      vertex 8.2 -8.5 0
      vertex 16.44 14.3579 0
    endloop
  endfacet
  facet normal 0 0 -1
    outer loop
      vertex 8.2 -8.5 0
      vertex 16.2219 -14.3145 0
      vertex 16 -14.3 0
    endloop
  endfacet
  facet normal 0 0 -1
    outer loop
      vertex 8.2 8.5 0
      vertex 16.44 14.3579 0
      vertex 8.2 -8.5 0
    endloop
  endfacet
  facet normal 0 0 -1
    outer loop
      vertex 8.2 -8.5 0
      vertex 16 -14.3 0
      vertex 15.7781 -14.3145 0
    endloop
  endfacet
  facet normal 0 0 -1
    outer loop
      vertex 16.44 14.3579 0
      vertex 8.2 8.5 0
      vertex 16.2219 14.3145 0
    endloop
  endfacet
  facet normal 0 0 -1
    outer loop
      vertex 8.2 -8.5 0
      vertex 15.7781 -14.3145 0
      vertex 15.56 -14.3579 0
    endloop
  endfacet
  facet normal 0 0 -1
    outer loop
      vertex 16.2219 14.3145 0
      vertex 8.2 8.5 0
      vertex 16 14.3 0
    endloop
  endfacet
  facet normal 0 0 -1
    outer loop
      vertex 8.2 -8.5 0
      vertex 15.56 -14.3579 0
      vertex 15.3494 -14.4294 0
    endloop
  endfacet
  facet normal -0 0 -1
    outer loop
      vertex 16 14.3 0
      vertex 8.2 8.5 0
      vertex 15.7781 14.3145 0
    endloop
  endfacet
  facet normal 0 0 -1
    outer loop
      vertex 8.2 -8.5 0
      vertex 15.3494 -14.4294 0
      vertex 15.15 -14.5278 0
    endloop
  endfacet
  facet normal -0 0 -1
    outer loop
      vertex 15.7781 14.3145 0
      vertex 8.2 8.5 0
      vertex 15.56 14.3579 0
    endloop
  endfacet
  facet normal 0 0 -1
    outer loop
      vertex 8.2 -8.5 0
      vertex 15.15 -14.5278 0
      vertex 14.9651 -14.6513 0
    endloop
  endfacet
  facet normal -0 0 -1
    outer loop
      vertex 15.56 14.3579 0
      vertex 8.2 8.5 0
      vertex 15.3494 14.4294 0
    endloop
  endfacet
  facet normal 0 0 -1
    outer loop
      vertex 8.2 -8.5 0
      vertex 14.9651 -14.6513 0
      vertex 14.7979 -14.7979 0
    endloop
  endfacet
  facet normal -0 0 -1
    outer loop
      vertex 15.3494 14.4294 0
      vertex 8.2 8.5 0
      vertex 15.15 14.5278 0
    endloop
  endfacet
  facet normal 0 0 -1
    outer loop
      vertex 8.2 -8.5 0
      vertex 14.7979 -14.7979 0
      vertex 14.6513 -14.9651 0
    endloop
  endfacet
  facet normal -0 0 -1
    outer loop
      vertex 15.15 14.5278 0
      vertex 8.2 8.5 0
      vertex 14.9651 14.6513 0
    endloop
  endfacet
  facet normal 0 0 -1
    outer loop
      vertex 8.2 -8.5 0
      vertex 14.6513 -14.9651 0
      vertex 14.5278 -15.15 0
    endloop
  endfacet
  facet normal -0 0 -1
    outer loop
      vertex 14.9651 14.6513 0
      vertex 8.2 8.5 0
      vertex 14.7979 14.7979 0
    endloop
  endfacet
  facet normal 0 0 -1
    outer loop
      vertex 8.2 -8.5 0
      vertex 14.5278 -15.15 0
      vertex 14.4294 -15.3494 0
    endloop
  endfacet
  facet normal -0 0 -1
    outer loop
      vertex 14.7979 14.7979 0
      vertex 8.2 8.5 0
      vertex 14.6513 14.9651 0
    endloop
  endfacet
  facet normal 0 0 -1
    outer loop
      vertex 8.2 -8.5 0
      vertex 14.4294 -15.3494 0
      vertex 14.3579 -15.56 0
    endloop
  endfacet
  facet normal -0 0 -1
    outer loop
      vertex 14.6513 14.9651 0
      vertex 8.2 8.5 0
      vertex 14.5278 15.15 0
    endloop
  endfacet
  facet normal 0 0 -1
    outer loop
      vertex 8.2 -8.5 0
      vertex 14.3579 -15.56 0
      vertex 14.3145 -15.7781 0
    endloop
  endfacet
  facet normal -0 0 -1
    outer loop
      vertex 14.5278 15.15 0
      vertex 8.2 8.5 0
      vertex 14.4294 15.3494 0
    endloop
  endfacet
  facet normal 0 0 -1
    outer loop
      vertex 8.2 -8.5 0
      vertex 14.3145 -15.7781 0
      vertex 14.3 -16 0
    endloop
  endfacet
  facet normal -0 0 -1
    outer loop
      vertex 14.4294 15.3494 0
      vertex 8.2 8.5 0
      vertex 14.3579 15.56 0
    endloop
  endfacet
  facet normal 0 0 -1
    outer loop
      vertex 17.6855 -15.7781 0
      vertex 21 -21 0
      vertex 17.7 -16 0
    endloop
  endfacet
  facet normal 0 0 -1
    outer loop
      vertex 21 -21 0
      vertex 17.6855 -16.2219 0
      vertex 17.7 -16 0
    endloop
  endfacet
  facet normal 0 0 -1
    outer loop
      vertex 21 -21 0
      vertex 17.6421 -16.44 0
      vertex 17.6855 -16.2219 0
    endloop
  endfacet
  facet normal 0 0 -1
    outer loop
      vertex 21 -21 0
      vertex 17.5706 -16.6506 0
      vertex 17.6421 -16.44 0
    endloop
  endfacet
  facet normal 0 0 -1
    outer loop
      vertex 21 -21 0
      vertex 17.4722 -16.85 0
      vertex 17.5706 -16.6506 0
    endloop
  endfacet
  facet normal 0 0 -1
    outer loop
      vertex 21 -21 0
      vertex 17.3487 -17.0349 0
      vertex 17.4722 -16.85 0
    endloop
  endfacet
  facet normal 0 0 -1
    outer loop
      vertex 21 -21 0
      vertex 17.2021 -17.2021 0
      vertex 17.3487 -17.0349 0
    endloop
  endfacet
  facet normal 0 0 -1
    outer loop
      vertex 21 -21 0
      vertex 17.0349 -17.3487 0
      vertex 17.2021 -17.2021 0
    endloop
  endfacet
  facet normal 0 0 -1
    outer loop
      vertex 21 -21 0
      vertex 16.85 -17.4722 0
      vertex 17.0349 -17.3487 0
    endloop
  endfacet
  facet normal 0 0 -1
    outer loop
      vertex 21 -21 0
      vertex 16.6506 -17.5706 0
      vertex 16.85 -17.4722 0
    endloop
  endfacet
  facet normal 0 0 -1
    outer loop
      vertex 21 -21 0
      vertex 16.44 -17.6421 0
      vertex 16.6506 -17.5706 0
    endloop
  endfacet
  facet normal 0 0 -1
    outer loop
      vertex 21 -21 0
      vertex 16.2219 -17.6855 0
      vertex 16.44 -17.6421 0
    endloop
  endfacet
  facet normal 0 0 -1
    outer loop
      vertex 21 -21 0
      vertex 16 -17.7 0
      vertex 16.2219 -17.6855 0
    endloop
  endfacet
  facet normal 0 0 -1
    outer loop
      vertex 21 -21 0
      vertex 15.7781 -17.6855 0
      vertex 16 -17.7 0
    endloop
  endfacet
  facet normal 0 0 -1
    outer loop
      vertex 21 -21 0
      vertex 15.56 -17.6421 0
      vertex 15.7781 -17.6855 0
    endloop
  endfacet
  facet normal 0 0 -1
    outer loop
      vertex 21 -21 0
      vertex 15.3494 -17.5706 0
      vertex 15.56 -17.6421 0
    endloop
  endfacet
  facet normal 0 0 -1
    outer loop
      vertex 21 -21 0
      vertex 15.15 -17.4722 0
      vertex 15.3494 -17.5706 0
    endloop
  endfacet
  facet normal -0 0 -1
    outer loop
      vertex 14.3579 15.56 0
      vertex 8.2 8.5 0
      vertex 14.3145 15.7781 0
    endloop
  endfacet
  facet normal 0 0 -1
    outer loop
      vertex 14.3145 -16.2219 0
      vertex 8.2 -8.5 0
      vertex 14.3 -16 0
    endloop
  endfacet
  facet normal 0 0 -1
    outer loop
      vertex 14.3579 -16.44 0
      vertex 8.2 -8.5 0
      vertex 14.3145 -16.2219 0
    endloop
  endfacet
  facet normal 0 0 -1
    outer loop
      vertex -14.3579 -16.44 0
      vertex 14.3579 -16.44 0
      vertex 14.4294 -16.6506 0
    endloop
  endfacet
  facet normal 0 0 -1
    outer loop
      vertex -14.4294 -16.6506 0
      vertex 14.4294 -16.6506 0
      vertex 14.5278 -16.85 0
    endloop
  endfacet
  facet normal 0 0 -1
    outer loop
      vertex -14.5278 -16.85 0
      vertex 14.5278 -16.85 0
      vertex 14.6513 -17.0349 0
    endloop
  endfacet
  facet normal 0 0 -1
    outer loop
      vertex 14.3579 -16.44 0
      vertex -8.2 -8.5 0
      vertex 8.2 -8.5 0
    endloop
  endfacet
  facet normal 0 0 -1
    outer loop
      vertex -14.6513 -17.0349 0
      vertex 14.6513 -17.0349 0
      vertex 14.7979 -17.2021 0
    endloop
  endfacet
  facet normal 0 0 -1
    outer loop
      vertex -14.7979 -17.2021 0
      vertex 14.7979 -17.2021 0
      vertex 14.9651 -17.3487 0
    endloop
  endfacet
  facet normal 0 0 -1
    outer loop
      vertex -14.9651 -17.3487 0
      vertex 14.9651 -17.3487 0
      vertex 15.15 -17.4722 0
    endloop
  endfacet
  facet normal 0 0 -1
    outer loop
      vertex -15.15 -17.4722 0
      vertex 15.15 -17.4722 0
      vertex 21 -21 0
    endloop
  endfacet
  facet normal 0 0 -1
    outer loop
      vertex -14.3145 -15.7781 0
      vertex -8.2 -8.5 0
      vertex -14.3 -16 0
    endloop
  endfacet
  facet normal 0 0 -1
    outer loop
      vertex 14.4294 -16.6506 0
      vertex -14.4294 -16.6506 0
      vertex -14.3579 -16.44 0
    endloop
  endfacet
  facet normal 0 0 -1
    outer loop
      vertex -8.2 -8.5 0
      vertex -14.3145 -16.2219 0
      vertex -14.3 -16 0
    endloop
  endfacet
  facet normal 0 0 -1
    outer loop
      vertex -8.2 -8.5 0
      vertex -14.3579 -16.44 0
      vertex -14.3145 -16.2219 0
    endloop
  endfacet
  facet normal 0 0 -1
    outer loop
      vertex 14.3579 -16.44 0
      vertex -14.3579 -16.44 0
      vertex -8.2 -8.5 0
    endloop
  endfacet
  facet normal 0 0 -1
    outer loop
      vertex 14.5278 -16.85 0
      vertex -14.5278 -16.85 0
      vertex -14.4294 -16.6506 0
    endloop
  endfacet
  facet normal 0 0 -1
    outer loop
      vertex 14.6513 -17.0349 0
      vertex -14.6513 -17.0349 0
      vertex -14.5278 -16.85 0
    endloop
  endfacet
  facet normal 0 0 -1
    outer loop
      vertex 14.7979 -17.2021 0
      vertex -14.7979 -17.2021 0
      vertex -14.6513 -17.0349 0
    endloop
  endfacet
  facet normal 0 0 -1
    outer loop
      vertex 14.9651 -17.3487 0
      vertex -14.9651 -17.3487 0
      vertex -14.7979 -17.2021 0
    endloop
  endfacet
  facet normal 0 0 -1
    outer loop
      vertex 15.15 -17.4722 0
      vertex -15.15 -17.4722 0
      vertex -14.9651 -17.3487 0
    endloop
  endfacet
  facet normal 0 0 -1
    outer loop
      vertex 21 -21 0
      vertex -15.3494 -17.5706 0
      vertex -15.15 -17.4722 0
    endloop
  endfacet
  facet normal 0 0 -1
    outer loop
      vertex -21 -21 0
      vertex -15.3494 -17.5706 0
      vertex 21 -21 0
    endloop
  endfacet
  facet normal 0 0 -1
    outer loop
      vertex -15.3494 -17.5706 0
      vertex -21 -21 0
      vertex -15.56 -17.6421 0
    endloop
  endfacet
  facet normal 0 0 -1
    outer loop
      vertex -15.56 -17.6421 0
      vertex -21 -21 0
      vertex -15.7781 -17.6855 0
    endloop
  endfacet
  facet normal 0 0 -1
    outer loop
      vertex -15.7781 -17.6855 0
      vertex -21 -21 0
      vertex -16 -17.7 0
    endloop
  endfacet
  facet normal 0 0 -1
    outer loop
      vertex -17.6421 15.56 0
      vertex -21 21 0
      vertex -17.6855 15.7781 0
    endloop
  endfacet
  facet normal -0 0 -1
    outer loop
      vertex -17.6855 -16.2219 0
      vertex -21 -21 0
      vertex -17.7 -16 0
    endloop
  endfacet
  facet normal -0 0 -1
    outer loop
      vertex -17.6421 -16.44 0
      vertex -21 -21 0
      vertex -17.6855 -16.2219 0
    endloop
  endfacet
  facet normal -0 0 -1
    outer loop
      vertex -17.5706 -16.6506 0
      vertex -21 -21 0
      vertex -17.6421 -16.44 0
    endloop
  endfacet
  facet normal -0 0 -1
    outer loop
      vertex -17.4722 -16.85 0
      vertex -21 -21 0
      vertex -17.5706 -16.6506 0
    endloop
  endfacet
  facet normal -0 0 -1
    outer loop
      vertex -17.3487 -17.0349 0
      vertex -21 -21 0
      vertex -17.4722 -16.85 0
    endloop
  endfacet
  facet normal -0 0 -1
    outer loop
      vertex -17.2021 -17.2021 0
      vertex -21 -21 0
      vertex -17.3487 -17.0349 0
    endloop
  endfacet
  facet normal -0 0 -1
    outer loop
      vertex -17.0349 -17.3487 0
      vertex -21 -21 0
      vertex -17.2021 -17.2021 0
    endloop
  endfacet
  facet normal -0 0 -1
    outer loop
      vertex -16.85 -17.4722 0
      vertex -21 -21 0
      vertex -17.0349 -17.3487 0
    endloop
  endfacet
  facet normal -0 0 -1
    outer loop
      vertex -16.6506 -17.5706 0
      vertex -21 -21 0
      vertex -16.85 -17.4722 0
    endloop
  endfacet
  facet normal -0 0 -1
    outer loop
      vertex -16.44 -17.6421 0
      vertex -21 -21 0
      vertex -16.6506 -17.5706 0
    endloop
  endfacet
  facet normal -0 0 -1
    outer loop
      vertex -16.2219 -17.6855 0
      vertex -21 -21 0
      vertex -16.44 -17.6421 0
    endloop
  endfacet
  facet normal -0 0 -1
    outer loop
      vertex -16 -17.7 0
      vertex -21 -21 0
      vertex -16.2219 -17.6855 0
    endloop
  endfacet
  facet normal 0 0 -1
    outer loop
      vertex 17.6421 -15.56 0
      vertex 21 -21 0
      vertex 17.6855 -15.7781 0
    endloop
  endfacet
  facet normal 0 0 -1
    outer loop
      vertex 17.6855 16.2219 0
      vertex 21 21 0
      vertex 17.7 16 0
    endloop
  endfacet
  facet normal 0 0 -1
    outer loop
      vertex 17.6421 16.44 0
      vertex 21 21 0
      vertex 17.6855 16.2219 0
    endloop
  endfacet
  facet normal 0 0 -1
    outer loop
      vertex 17.5706 16.6506 0
      vertex 21 21 0
      vertex 17.6421 16.44 0
    endloop
  endfacet
  facet normal 0 0 -1
    outer loop
      vertex 17.4722 16.85 0
      vertex 21 21 0
      vertex 17.5706 16.6506 0
    endloop
  endfacet
  facet normal 0 0 -1
    outer loop
      vertex 17.3487 17.0349 0
      vertex 21 21 0
      vertex 17.4722 16.85 0
    endloop
  endfacet
  facet normal 0 0 -1
    outer loop
      vertex 17.2021 17.2021 0
      vertex 21 21 0
      vertex 17.3487 17.0349 0
    endloop
  endfacet
  facet normal 0 0 -1
    outer loop
      vertex 17.0349 17.3487 0
      vertex 21 21 0
      vertex 17.2021 17.2021 0
    endloop
  endfacet
  facet normal 0 0 -1
    outer loop
      vertex 16.85 17.4722 0
      vertex 21 21 0
      vertex 17.0349 17.3487 0
    endloop
  endfacet
  facet normal 0 0 -1
    outer loop
      vertex 16.6506 17.5706 0
      vertex 21 21 0
      vertex 16.85 17.4722 0
    endloop
  endfacet
  facet normal 0 0 -1
    outer loop
      vertex 16.44 17.6421 0
      vertex 21 21 0
      vertex 16.6506 17.5706 0
    endloop
  endfacet
  facet normal 0 0 -1
    outer loop
      vertex 16.2219 17.6855 0
      vertex 21 21 0
      vertex 16.44 17.6421 0
    endloop
  endfacet
  facet normal 0 0 -1
    outer loop
      vertex 16 17.7 0
      vertex 21 21 0
      vertex 16.2219 17.6855 0
    endloop
  endfacet
  facet normal 0 0 -1
    outer loop
      vertex 15.7781 17.6855 0
      vertex 21 21 0
      vertex 16 17.7 0
    endloop
  endfacet
  facet normal 0 0 -1
    outer loop
      vertex 15.56 17.6421 0
      vertex 21 21 0
      vertex 15.7781 17.6855 0
    endloop
  endfacet
  facet normal 0 0 -1
    outer loop
      vertex 15.3494 17.5706 0
      vertex 21 21 0
      vertex 15.56 17.6421 0
    endloop
  endfacet
  facet normal 0 0 -1
    outer loop
      vertex 15.15 17.4722 0
      vertex 21 21 0
      vertex 15.3494 17.5706 0
    endloop
  endfacet
  facet normal -0 0 -1
    outer loop
      vertex 14.3145 15.7781 0
      vertex 8.2 8.5 0
      vertex 14.3 16 0
    endloop
  endfacet
  facet normal -0 0 -1
    outer loop
      vertex 14.3 16 0
      vertex 8.2 8.5 0
      vertex 14.3145 16.2219 0
    endloop
  endfacet
  facet normal -0 0 -1
    outer loop
      vertex 14.3145 16.2219 0
      vertex 8.2 8.5 0
      vertex 14.3579 16.44 0
    endloop
  endfacet
  facet normal 0 0 -1
    outer loop
      vertex -8.2 8.5 0
      vertex 14.3579 16.44 0
      vertex 8.2 8.5 0
    endloop
  endfacet
  facet normal 0 0 -1
    outer loop
      vertex -14.3579 16.44 0
      vertex 14.3579 16.44 0
      vertex -8.2 8.5 0
    endloop
  endfacet
  facet normal 0 0 -1
    outer loop
      vertex 14.3579 16.44 0
      vertex -14.3579 16.44 0
      vertex 14.4294 16.6506 0
    endloop
  endfacet
  facet normal 0 0 -1
    outer loop
      vertex -14.4294 16.6506 0
      vertex 14.4294 16.6506 0
      vertex -14.3579 16.44 0
    endloop
  endfacet
  facet normal 0 0 -1
    outer loop
      vertex 14.4294 16.6506 0
      vertex -14.4294 16.6506 0
      vertex 14.5278 16.85 0
    endloop
  endfacet
  facet normal 0 0 -1
    outer loop
      vertex -14.5278 16.85 0
      vertex 14.5278 16.85 0
      vertex -14.4294 16.6506 0
    endloop
  endfacet
  facet normal 0 0 -1
    outer loop
      vertex -14.6513 17.0349 0
      vertex 14.6513 17.0349 0
      vertex -14.5278 16.85 0
    endloop
  endfacet
  facet normal 0 0 -1
    outer loop
      vertex 14.6513 17.0349 0
      vertex -14.6513 17.0349 0
      vertex 14.7979 17.2021 0
    endloop
  endfacet
  facet normal 0 0 -1
    outer loop
      vertex -14.3579 -15.56 0
      vertex -8.2 -8.5 0
      vertex -14.3145 -15.7781 0
    endloop
  endfacet
  facet normal 0 0 -1
    outer loop
      vertex -14.3145 16.2219 0
      vertex -8.2 8.5 0
      vertex -14.3 16 0
    endloop
  endfacet
  facet normal 0 0 -1
    outer loop
      vertex -14.3579 16.44 0
      vertex -8.2 8.5 0
      vertex -14.3145 16.2219 0
    endloop
  endfacet
  facet normal 0 0 -1
    outer loop
      vertex 14.5278 16.85 0
      vertex -14.5278 16.85 0
      vertex 14.6513 17.0349 0
    endloop
  endfacet
  facet normal 0 0 -1
    outer loop
      vertex -14.7979 17.2021 0
      vertex 14.7979 17.2021 0
      vertex -14.6513 17.0349 0
    endloop
  endfacet
  facet normal 0 0 -1
    outer loop
      vertex 14.7979 17.2021 0
      vertex -14.7979 17.2021 0
      vertex 14.9651 17.3487 0
    endloop
  endfacet
  facet normal 0 0 -1
    outer loop
      vertex -14.9651 17.3487 0
      vertex 14.9651 17.3487 0
      vertex -14.7979 17.2021 0
    endloop
  endfacet
  facet normal 0 0 -1
    outer loop
      vertex 14.9651 17.3487 0
      vertex -14.9651 17.3487 0
      vertex 15.15 17.4722 0
    endloop
  endfacet
  facet normal 0 0 -1
    outer loop
      vertex -15.15 17.4722 0
      vertex 15.15 17.4722 0
      vertex -14.9651 17.3487 0
    endloop
  endfacet
  facet normal 0 0 -1
    outer loop
      vertex 15.15 17.4722 0
      vertex -15.15 17.4722 0
      vertex 21 21 0
    endloop
  endfacet
  facet normal 0 0 -1
    outer loop
      vertex -15.3494 17.5706 0
      vertex 21 21 0
      vertex -15.15 17.4722 0
    endloop
  endfacet
  facet normal 0 0 -1
    outer loop
      vertex -21 21 0
      vertex -15.3494 17.5706 0
      vertex -15.56 17.6421 0
    endloop
  endfacet
  facet normal 0 0 -1
    outer loop
      vertex -21 21 0
      vertex -15.56 17.6421 0
      vertex -15.7781 17.6855 0
    endloop
  endfacet
  facet normal 0 0 -1
    outer loop
      vertex -21 21 0
      vertex -15.7781 17.6855 0
      vertex -16 17.7 0
    endloop
  endfacet
  facet normal 0 0 -1
    outer loop
      vertex -21 21 0
      vertex -16 17.7 0
      vertex -16.2219 17.6855 0
    endloop
  endfacet
  facet normal 0 0 -1
    outer loop
      vertex -17.6855 15.7781 0
      vertex -21 21 0
      vertex -17.7 16 0
    endloop
  endfacet
  facet normal 0 0 -1
    outer loop
      vertex -15.3494 17.5706 0
      vertex -21 21 0
      vertex 21 21 0
    endloop
  endfacet
  facet normal 0 0 -1
    outer loop
      vertex -16.44 17.6421 0
      vertex -21 21 0
      vertex -16.2219 17.6855 0
    endloop
  endfacet
  facet normal 0 0 -1
    outer loop
      vertex -16.6506 17.5706 0
      vertex -21 21 0
      vertex -16.44 17.6421 0
    endloop
  endfacet
  facet normal 0 0 -1
    outer loop
      vertex -16.85 17.4722 0
      vertex -21 21 0
      vertex -16.6506 17.5706 0
    endloop
  endfacet
  facet normal 0 0 -1
    outer loop
      vertex -17.0349 17.3487 0
      vertex -21 21 0
      vertex -16.85 17.4722 0
    endloop
  endfacet
  facet normal 0 0 -1
    outer loop
      vertex -17.2021 17.2021 0
      vertex -21 21 0
      vertex -17.0349 17.3487 0
    endloop
  endfacet
  facet normal 0 0 -1
    outer loop
      vertex -17.3487 17.0349 0
      vertex -21 21 0
      vertex -17.2021 17.2021 0
    endloop
  endfacet
  facet normal 0 0 -1
    outer loop
      vertex -17.4722 16.85 0
      vertex -21 21 0
      vertex -17.3487 17.0349 0
    endloop
  endfacet
  facet normal 0 0 -1
    outer loop
      vertex -17.5706 16.6506 0
      vertex -21 21 0
      vertex -17.4722 16.85 0
    endloop
  endfacet
  facet normal 0 0 -1
    outer loop
      vertex -17.6421 16.44 0
      vertex -21 21 0
      vertex -17.5706 16.6506 0
    endloop
  endfacet
  facet normal 0 0 -1
    outer loop
      vertex -17.6855 16.2219 0
      vertex -21 21 0
      vertex -17.6421 16.44 0
    endloop
  endfacet
  facet normal 0 0 -1
    outer loop
      vertex -17.7 16 0
      vertex -21 21 0
      vertex -17.6855 16.2219 0
    endloop
  endfacet
  facet normal -1 0 0
    outer loop
      vertex -21 -21 0
      vertex -21 21 3
      vertex -21 21 0
    endloop
  endfacet
  facet normal -1 -0 0
    outer loop
      vertex -21 21 3
      vertex -21 -21 0
      vertex -21 -21 3
    endloop
  endfacet
  facet normal 0 1 -0
    outer loop
      vertex 21 21 0
      vertex -21 21 3
      vertex 21 21 3
    endloop
  endfacet
  facet normal 0 1 0
    outer loop
      vertex -21 21 3
      vertex 21 21 0
      vertex -21 21 0
    endloop
  endfacet
  facet normal 0 -1 0
    outer loop
      vertex -21 -21 0
      vertex 21 -21 3
      vertex -21 -21 3
    endloop
  endfacet
  facet normal 0 -1 -0
    outer loop
      vertex 21 -21 3
      vertex -21 -21 0
      vertex 21 -21 0
    endloop
  endfacet
  facet normal 0 0 1
    outer loop
      vertex 11.2 11.5 11
      vertex 8.2 8.5 11
      vertex 11.2 -11.5 11
    endloop
  endfacet
  facet normal 0 0 1
    outer loop
      vertex 11.2 11.5 11
      vertex -8.2 8.5 11
      vertex 8.2 8.5 11
    endloop
  endfacet
  facet normal 0 0 1
    outer loop
      vertex -8.2 8.5 11
      vertex -11.2 11.5 11
      vertex -8.2 -8.5 11
    endloop
  endfacet
  facet normal -0 0 1
    outer loop
      vertex -11.2 11.5 11
      vertex -8.2 8.5 11
      vertex 11.2 11.5 11
    endloop
  endfacet
  facet normal -0 0 1
    outer loop
      vertex 8.2 -8.5 11
      vertex 11.2 -11.5 11
      vertex 8.2 8.5 11
    endloop
  endfacet
  facet normal -0 0 1
    outer loop
      vertex -8.2 -8.5 11
      vertex 11.2 -11.5 11
      vertex 8.2 -8.5 11
    endloop
  endfacet
  facet normal 0 0 1
    outer loop
      vertex -8.2 -8.5 11
      vertex -11.2 -11.5 11
      vertex 11.2 -11.5 11
    endloop
  endfacet
  facet normal 0 0 1
    outer loop
      vertex -11.2 -11.5 11
      vertex -8.2 -8.5 11
      vertex -11.2 11.5 11
    endloop
  endfacet
  facet normal 0 1 -0
    outer loop
      vertex 11.2 11.5 3
      vertex -11.2 11.5 11
      vertex 11.2 11.5 11
    endloop
  endfacet
  facet normal 0 1 0
    outer loop
      vertex -11.2 11.5 11
      vertex 11.2 11.5 3
      vertex -11.2 11.5 3
    endloop
  endfacet
  facet normal -1 0 0
    outer loop
      vertex -11.2 -11.5 3
      vertex -11.2 11.5 11
      vertex -11.2 11.5 3
    endloop
  endfacet
  facet normal -1 -0 0
    outer loop
      vertex -11.2 11.5 11
      vertex -11.2 -11.5 3
      vertex -11.2 -11.5 11
    endloop
  endfacet
  facet normal 0 -1 0
    outer loop
      vertex -11.2 -11.5 3
      vertex 11.2 -11.5 11
      vertex -11.2 -11.5 11
    endloop
  endfacet
  facet normal 0 -1 -0
    outer loop
      vertex 11.2 -11.5 11
      vertex -11.2 -11.5 3
      vertex 11.2 -11.5 3
    endloop
  endfacet
  facet normal 1 -0 0
    outer loop
      vertex 11.2 -11.5 11
      vertex 11.2 11.5 3
      vertex 11.2 11.5 11
    endloop
  endfacet
  facet normal 1 0 0
    outer loop
      vertex 11.2 11.5 3
      vertex 11.2 -11.5 11
      vertex 11.2 -11.5 3
    endloop
  endfacet
  facet normal 1 -0 0
    outer loop
      vertex -8.2 -8.5 11
      vertex -8.2 8.5 4
      vertex -8.2 8.5 11
    endloop
  endfacet
  facet normal 1 0 0
    outer loop
      vertex -8.2 8.5 4
      vertex -8.2 -8.5 11
      vertex -8.2 -8.5 4
    endloop
  endfacet
  facet normal 0 -1 0
    outer loop
      vertex -8.2 8.5 4
      vertex 8.2 8.5 11
      vertex -8.2 8.5 11
    endloop
  endfacet
  facet normal 0 -1 -0
    outer loop
      vertex 8.2 8.5 11
      vertex -8.2 8.5 4
      vertex 8.2 8.5 4
    endloop
  endfacet
  facet normal 0 -1 0
    outer loop
      vertex -8.2 8.5 4
      vertex -8.2 8.5 0
      vertex 8.2 8.5 4
    endloop
  endfacet
  facet normal 0 -1 0
    outer loop
      vertex 8.2 8.5 0
      vertex 8.2 8.5 4
      vertex -8.2 8.5 0
    endloop
  endfacet
  facet normal -1 0 0
    outer loop
      vertex 8.2 -8.5 4
      vertex 8.2 8.5 11
      vertex 8.2 8.5 4
    endloop
  endfacet
  facet normal -1 -0 0
    outer loop
      vertex 8.2 8.5 11
      vertex 8.2 -8.5 4
      vertex 8.2 -8.5 11
    endloop
  endfacet
  facet normal 0 1 -0
    outer loop
      vertex 8.2 -8.5 4
      vertex -8.2 -8.5 11
      vertex 8.2 -8.5 11
    endloop
  endfacet
  facet normal 0 1 0
    outer loop
      vertex -8.2 -8.5 11
      vertex 8.2 -8.5 4
      vertex -8.2 -8.5 4
    endloop
  endfacet
  facet normal 0 1 0
    outer loop
      vertex 8.2 -8.5 4
      vertex 8.2 -8.5 0
      vertex -8.2 -8.5 4
    endloop
  endfacet
  facet normal 0 1 0
    outer loop
      vertex -8.2 -8.5 0
      vertex -8.2 -8.5 4
      vertex 8.2 -8.5 0
    endloop
  endfacet
  facet normal -0.98077 -0.195165 0
    outer loop
      vertex -14.3145 -15.7781 0
      vertex -14.3579 -15.56 3
      vertex -14.3579 -15.56 0
    endloop
  endfacet
  facet normal -0.98077 -0.195165 0
    outer loop
      vertex -14.3579 -15.56 3
      vertex -14.3145 -15.7781 0
      vertex -14.3145 -15.7781 3
    endloop
  endfacet
  facet normal -0.997872 -0.0652057 0
    outer loop
      vertex -14.3 -16 0
      vertex -14.3145 -15.7781 3
      vertex -14.3145 -15.7781 0
    endloop
  endfacet
  facet normal -0.997872 -0.0652057 0
    outer loop
      vertex -14.3145 -15.7781 3
      vertex -14.3 -16 0
      vertex -14.3 -16 3
    endloop
  endfacet
  facet normal 0.659268 -0.751908 0
    outer loop
      vertex -17.2021 -14.7979 0
      vertex -17.0349 -14.6513 3
      vertex -17.2021 -14.7979 3
    endloop
  endfacet
  facet normal 0.659268 -0.751908 0
    outer loop
      vertex -17.0349 -14.6513 3
      vertex -17.2021 -14.7979 0
      vertex -17.0349 -14.6513 0
    endloop
  endfacet
  facet normal 0.831566 0.555426 0
    outer loop
      vertex -17.3487 -17.0349 3
      vertex -17.4722 -16.85 0
      vertex -17.4722 -16.85 3
    endloop
  endfacet
  facet normal 0.831566 0.555426 0
    outer loop
      vertex -17.4722 -16.85 0
      vertex -17.3487 -17.0349 3
      vertex -17.3487 -17.0349 0
    endloop
  endfacet
  facet normal -0.659268 -0.751908 0
    outer loop
      vertex -14.9651 -14.6513 0
      vertex -14.7979 -14.7979 3
      vertex -14.9651 -14.6513 3
    endloop
  endfacet
  facet normal -0.659268 -0.751908 -0
    outer loop
      vertex -14.7979 -14.7979 3
      vertex -14.9651 -14.6513 0
      vertex -14.7979 -14.7979 0
    endloop
  endfacet
  facet normal -0.946915 0.321484 0
    outer loop
      vertex -14.4294 -16.6506 0
      vertex -14.3579 -16.44 3
      vertex -14.3579 -16.44 0
    endloop
  endfacet
  facet normal -0.946915 0.321484 0
    outer loop
      vertex -14.3579 -16.44 3
      vertex -14.4294 -16.6506 0
      vertex -14.4294 -16.6506 3
    endloop
  endfacet
  facet normal -0.0652057 -0.997872 0
    outer loop
      vertex -16 -14.3 0
      vertex -15.7781 -14.3145 3
      vertex -16 -14.3 3
    endloop
  endfacet
  facet normal -0.0652057 -0.997872 -0
    outer loop
      vertex -15.7781 -14.3145 3
      vertex -16 -14.3 0
      vertex -15.7781 -14.3145 0
    endloop
  endfacet
  facet normal 0.555426 0.831566 -0
    outer loop
      vertex -16.85 -17.4722 0
      vertex -17.0349 -17.3487 3
      vertex -16.85 -17.4722 3
    endloop
  endfacet
  facet normal 0.555426 0.831566 0
    outer loop
      vertex -17.0349 -17.3487 3
      vertex -16.85 -17.4722 0
      vertex -17.0349 -17.3487 0
    endloop
  endfacet
  facet normal -0.751908 -0.659268 0
    outer loop
      vertex -14.6513 -14.9651 0
      vertex -14.7979 -14.7979 3
      vertex -14.7979 -14.7979 0
    endloop
  endfacet
  facet normal -0.751908 -0.659268 0
    outer loop
      vertex -14.7979 -14.7979 3
      vertex -14.6513 -14.9651 0
      vertex -14.6513 -14.9651 3
    endloop
  endfacet
  facet normal 0.946915 0.321484 0
    outer loop
      vertex -17.5706 -16.6506 3
      vertex -17.6421 -16.44 0
      vertex -17.6421 -16.44 3
    endloop
  endfacet
  facet normal 0.946915 0.321484 0
    outer loop
      vertex -17.6421 -16.44 0
      vertex -17.5706 -16.6506 3
      vertex -17.5706 -16.6506 0
    endloop
  endfacet
  facet normal -0.321484 0.946915 0
    outer loop
      vertex -15.3494 -17.5706 0
      vertex -15.56 -17.6421 3
      vertex -15.3494 -17.5706 3
    endloop
  endfacet
  facet normal -0.321484 0.946915 0
    outer loop
      vertex -15.56 -17.6421 3
      vertex -15.3494 -17.5706 0
      vertex -15.56 -17.6421 0
    endloop
  endfacet
  facet normal 0.0652057 0.997872 -0
    outer loop
      vertex -16 -17.7 0
      vertex -16.2219 -17.6855 3
      vertex -16 -17.7 3
    endloop
  endfacet
  facet normal 0.0652057 0.997872 0
    outer loop
      vertex -16.2219 -17.6855 3
      vertex -16 -17.7 0
      vertex -16.2219 -17.6855 0
    endloop
  endfacet
  facet normal 0.321484 -0.946915 0
    outer loop
      vertex -16.6506 -14.4294 0
      vertex -16.44 -14.3579 3
      vertex -16.6506 -14.4294 3
    endloop
  endfacet
  facet normal 0.321484 -0.946915 0
    outer loop
      vertex -16.44 -14.3579 3
      vertex -16.6506 -14.4294 0
      vertex -16.44 -14.3579 0
    endloop
  endfacet
  facet normal 0.751908 -0.659268 0
    outer loop
      vertex -17.3487 -14.9651 3
      vertex -17.2021 -14.7979 0
      vertex -17.2021 -14.7979 3
    endloop
  endfacet
  facet normal 0.751908 -0.659268 0
    outer loop
      vertex -17.2021 -14.7979 0
      vertex -17.3487 -14.9651 3
      vertex -17.3487 -14.9651 0
    endloop
  endfacet
  facet normal 0.44253 0.896754 -0
    outer loop
      vertex -16.6506 -17.5706 0
      vertex -16.85 -17.4722 3
      vertex -16.6506 -17.5706 3
    endloop
  endfacet
  facet normal 0.44253 0.896754 0
    outer loop
      vertex -16.85 -17.4722 3
      vertex -16.6506 -17.5706 0
      vertex -16.85 -17.4722 0
    endloop
  endfacet
  facet normal 0.0652057 -0.997872 0
    outer loop
      vertex -16.2219 -14.3145 0
      vertex -16 -14.3 3
      vertex -16.2219 -14.3145 3
    endloop
  endfacet
  facet normal 0.0652057 -0.997872 0
    outer loop
      vertex -16 -14.3 3
      vertex -16.2219 -14.3145 0
      vertex -16 -14.3 0
    endloop
  endfacet
  facet normal -0.896754 0.44253 0
    outer loop
      vertex -14.5278 -16.85 0
      vertex -14.4294 -16.6506 3
      vertex -14.4294 -16.6506 0
    endloop
  endfacet
  facet normal -0.896754 0.44253 0
    outer loop
      vertex -14.4294 -16.6506 3
      vertex -14.5278 -16.85 0
      vertex -14.5278 -16.85 3
    endloop
  endfacet
  facet normal -0.555426 0.831566 0
    outer loop
      vertex -14.9651 -17.3487 0
      vertex -15.15 -17.4722 3
      vertex -14.9651 -17.3487 3
    endloop
  endfacet
  facet normal -0.555426 0.831566 0
    outer loop
      vertex -15.15 -17.4722 3
      vertex -14.9651 -17.3487 0
      vertex -15.15 -17.4722 0
    endloop
  endfacet
  facet normal 0.896754 -0.44253 0
    outer loop
      vertex -17.5706 -15.3494 3
      vertex -17.4722 -15.15 0
      vertex -17.4722 -15.15 3
    endloop
  endfacet
  facet normal 0.896754 -0.44253 0
    outer loop
      vertex -17.4722 -15.15 0
      vertex -17.5706 -15.3494 3
      vertex -17.5706 -15.3494 0
    endloop
  endfacet
  facet normal 0.98077 0.195165 0
    outer loop
      vertex -17.6421 -16.44 3
      vertex -17.6855 -16.2219 0
      vertex -17.6855 -16.2219 3
    endloop
  endfacet
  facet normal 0.98077 0.195165 0
    outer loop
      vertex -17.6855 -16.2219 0
      vertex -17.6421 -16.44 3
      vertex -17.6421 -16.44 0
    endloop
  endfacet
  facet normal 0.751908 0.659268 0
    outer loop
      vertex -17.2021 -17.2021 3
      vertex -17.3487 -17.0349 0
      vertex -17.3487 -17.0349 3
    endloop
  endfacet
  facet normal 0.751908 0.659268 0
    outer loop
      vertex -17.3487 -17.0349 0
      vertex -17.2021 -17.2021 3
      vertex -17.2021 -17.2021 0
    endloop
  endfacet
  facet normal -0.195165 -0.98077 0
    outer loop
      vertex -15.7781 -14.3145 0
      vertex -15.56 -14.3579 3
      vertex -15.7781 -14.3145 3
    endloop
  endfacet
  facet normal -0.195165 -0.98077 -0
    outer loop
      vertex -15.56 -14.3579 3
      vertex -15.7781 -14.3145 0
      vertex -15.56 -14.3579 0
    endloop
  endfacet
  facet normal -0.831566 -0.555426 0
    outer loop
      vertex -14.5278 -15.15 0
      vertex -14.6513 -14.9651 3
      vertex -14.6513 -14.9651 0
    endloop
  endfacet
  facet normal -0.831566 -0.555426 0
    outer loop
      vertex -14.6513 -14.9651 3
      vertex -14.5278 -15.15 0
      vertex -14.5278 -15.15 3
    endloop
  endfacet
  facet normal -0.997872 0.0652057 0
    outer loop
      vertex -14.3145 -16.2219 0
      vertex -14.3 -16 3
      vertex -14.3 -16 0
    endloop
  endfacet
  facet normal -0.997872 0.0652057 0
    outer loop
      vertex -14.3 -16 3
      vertex -14.3145 -16.2219 0
      vertex -14.3145 -16.2219 3
    endloop
  endfacet
  facet normal -0.321484 -0.946915 0
    outer loop
      vertex -15.56 -14.3579 0
      vertex -15.3494 -14.4294 3
      vertex -15.56 -14.3579 3
    endloop
  endfacet
  facet normal -0.321484 -0.946915 -0
    outer loop
      vertex -15.3494 -14.4294 3
      vertex -15.56 -14.3579 0
      vertex -15.3494 -14.4294 0
    endloop
  endfacet
  facet normal -0.555426 -0.831566 0
    outer loop
      vertex -15.15 -14.5278 0
      vertex -14.9651 -14.6513 3
      vertex -15.15 -14.5278 3
    endloop
  endfacet
  facet normal -0.555426 -0.831566 -0
    outer loop
      vertex -14.9651 -14.6513 3
      vertex -15.15 -14.5278 0
      vertex -14.9651 -14.6513 0
    endloop
  endfacet
  facet normal 0.195165 -0.98077 0
    outer loop
      vertex -16.44 -14.3579 0
      vertex -16.2219 -14.3145 3
      vertex -16.44 -14.3579 3
    endloop
  endfacet
  facet normal 0.195165 -0.98077 0
    outer loop
      vertex -16.2219 -14.3145 3
      vertex -16.44 -14.3579 0
      vertex -16.2219 -14.3145 0
    endloop
  endfacet
  facet normal -0.98077 0.195165 0
    outer loop
      vertex -14.3579 -16.44 0
      vertex -14.3145 -16.2219 3
      vertex -14.3145 -16.2219 0
    endloop
  endfacet
  facet normal -0.98077 0.195165 0
    outer loop
      vertex -14.3145 -16.2219 3
      vertex -14.3579 -16.44 0
      vertex -14.3579 -16.44 3
    endloop
  endfacet
  facet normal 0.831566 -0.555426 0
    outer loop
      vertex -17.4722 -15.15 3
      vertex -17.3487 -14.9651 0
      vertex -17.3487 -14.9651 3
    endloop
  endfacet
  facet normal 0.831566 -0.555426 0
    outer loop
      vertex -17.3487 -14.9651 0
      vertex -17.4722 -15.15 3
      vertex -17.4722 -15.15 0
    endloop
  endfacet
  facet normal -0.0652057 0.997872 0
    outer loop
      vertex -15.7781 -17.6855 0
      vertex -16 -17.7 3
      vertex -15.7781 -17.6855 3
    endloop
  endfacet
  facet normal -0.0652057 0.997872 0
    outer loop
      vertex -16 -17.7 3
      vertex -15.7781 -17.6855 0
      vertex -16 -17.7 0
    endloop
  endfacet
  facet normal -0.195165 0.98077 0
    outer loop
      vertex -15.56 -17.6421 0
      vertex -15.7781 -17.6855 3
      vertex -15.56 -17.6421 3
    endloop
  endfacet
  facet normal -0.195165 0.98077 0
    outer loop
      vertex -15.7781 -17.6855 3
      vertex -15.56 -17.6421 0
      vertex -15.7781 -17.6855 0
    endloop
  endfacet
  facet normal 0.659268 0.751908 -0
    outer loop
      vertex -17.0349 -17.3487 0
      vertex -17.2021 -17.2021 3
      vertex -17.0349 -17.3487 3
    endloop
  endfacet
  facet normal 0.659268 0.751908 0
    outer loop
      vertex -17.2021 -17.2021 3
      vertex -17.0349 -17.3487 0
      vertex -17.2021 -17.2021 0
    endloop
  endfacet
  facet normal -0.44253 -0.896754 0
    outer loop
      vertex -15.3494 -14.4294 0
      vertex -15.15 -14.5278 3
      vertex -15.3494 -14.4294 3
    endloop
  endfacet
  facet normal -0.44253 -0.896754 -0
    outer loop
      vertex -15.15 -14.5278 3
      vertex -15.3494 -14.4294 0
      vertex -15.15 -14.5278 0
    endloop
  endfacet
  facet normal -0.831566 0.555426 0
    outer loop
      vertex -14.6513 -17.0349 0
      vertex -14.5278 -16.85 3
      vertex -14.5278 -16.85 0
    endloop
  endfacet
  facet normal -0.831566 0.555426 0
    outer loop
      vertex -14.5278 -16.85 3
      vertex -14.6513 -17.0349 0
      vertex -14.6513 -17.0349 3
    endloop
  endfacet
  facet normal 0.195165 0.98077 -0
    outer loop
      vertex -16.2219 -17.6855 0
      vertex -16.44 -17.6421 3
      vertex -16.2219 -17.6855 3
    endloop
  endfacet
  facet normal 0.195165 0.98077 0
    outer loop
      vertex -16.44 -17.6421 3
      vertex -16.2219 -17.6855 0
      vertex -16.44 -17.6421 0
    endloop
  endfacet
  facet normal 0.997872 0.0652057 0
    outer loop
      vertex -17.6855 -16.2219 3
      vertex -17.7 -16 0
      vertex -17.7 -16 3
    endloop
  endfacet
  facet normal 0.997872 0.0652057 0
    outer loop
      vertex -17.7 -16 0
      vertex -17.6855 -16.2219 3
      vertex -17.6855 -16.2219 0
    endloop
  endfacet
  facet normal -0.44253 0.896754 0
    outer loop
      vertex -15.15 -17.4722 0
      vertex -15.3494 -17.5706 3
      vertex -15.15 -17.4722 3
    endloop
  endfacet
  facet normal -0.44253 0.896754 0
    outer loop
      vertex -15.3494 -17.5706 3
      vertex -15.15 -17.4722 0
      vertex -15.3494 -17.5706 0
    endloop
  endfacet
  facet normal 0.98077 -0.195165 0
    outer loop
      vertex -17.6855 -15.7781 3
      vertex -17.6421 -15.56 0
      vertex -17.6421 -15.56 3
    endloop
  endfacet
  facet normal 0.98077 -0.195165 0
    outer loop
      vertex -17.6421 -15.56 0
      vertex -17.6855 -15.7781 3
      vertex -17.6855 -15.7781 0
    endloop
  endfacet
  facet normal 0.896754 0.44253 0
    outer loop
      vertex -17.4722 -16.85 3
      vertex -17.5706 -16.6506 0
      vertex -17.5706 -16.6506 3
    endloop
  endfacet
  facet normal 0.896754 0.44253 0
    outer loop
      vertex -17.5706 -16.6506 0
      vertex -17.4722 -16.85 3
      vertex -17.4722 -16.85 0
    endloop
  endfacet
  facet normal 0.946915 -0.321484 0
    outer loop
      vertex -17.6421 -15.56 3
      vertex -17.5706 -15.3494 0
      vertex -17.5706 -15.3494 3
    endloop
  endfacet
  facet normal 0.946915 -0.321484 0
    outer loop
      vertex -17.5706 -15.3494 0
      vertex -17.6421 -15.56 3
      vertex -17.6421 -15.56 0
    endloop
  endfacet
  facet normal -0.896754 -0.44253 0
    outer loop
      vertex -14.4294 -15.3494 0
      vertex -14.5278 -15.15 3
      vertex -14.5278 -15.15 0
    endloop
  endfacet
  facet normal -0.896754 -0.44253 0
    outer loop
      vertex -14.5278 -15.15 3
      vertex -14.4294 -15.3494 0
      vertex -14.4294 -15.3494 3
    endloop
  endfacet
  facet normal -0.946915 -0.321484 0
    outer loop
      vertex -14.3579 -15.56 0
      vertex -14.4294 -15.3494 3
      vertex -14.4294 -15.3494 0
    endloop
  endfacet
  facet normal -0.946915 -0.321484 0
    outer loop
      vertex -14.4294 -15.3494 3
      vertex -14.3579 -15.56 0
      vertex -14.3579 -15.56 3
    endloop
  endfacet
  facet normal 0.997872 -0.0652057 0
    outer loop
      vertex -17.7 -16 3
      vertex -17.6855 -15.7781 0
      vertex -17.6855 -15.7781 3
    endloop
  endfacet
  facet normal 0.997872 -0.0652057 0
    outer loop
      vertex -17.6855 -15.7781 0
      vertex -17.7 -16 3
      vertex -17.7 -16 0
    endloop
  endfacet
  facet normal 0.321484 0.946915 -0
    outer loop
      vertex -16.44 -17.6421 0
      vertex -16.6506 -17.5706 3
      vertex -16.44 -17.6421 3
    endloop
  endfacet
  facet normal 0.321484 0.946915 0
    outer loop
      vertex -16.6506 -17.5706 3
      vertex -16.44 -17.6421 0
      vertex -16.6506 -17.5706 0
    endloop
  endfacet
  facet normal 0.44253 -0.896754 0
    outer loop
      vertex -16.85 -14.5278 0
      vertex -16.6506 -14.4294 3
      vertex -16.85 -14.5278 3
    endloop
  endfacet
  facet normal 0.44253 -0.896754 0
    outer loop
      vertex -16.6506 -14.4294 3
      vertex -16.85 -14.5278 0
      vertex -16.6506 -14.4294 0
    endloop
  endfacet
  facet normal 0.555426 -0.831566 0
    outer loop
      vertex -17.0349 -14.6513 0
      vertex -16.85 -14.5278 3
      vertex -17.0349 -14.6513 3
    endloop
  endfacet
  facet normal 0.555426 -0.831566 0
    outer loop
      vertex -16.85 -14.5278 3
      vertex -17.0349 -14.6513 0
      vertex -16.85 -14.5278 0
    endloop
  endfacet
  facet normal -0.659268 0.751908 0
    outer loop
      vertex -14.7979 -17.2021 0
      vertex -14.9651 -17.3487 3
      vertex -14.7979 -17.2021 3
    endloop
  endfacet
  facet normal -0.659268 0.751908 0
    outer loop
      vertex -14.9651 -17.3487 3
      vertex -14.7979 -17.2021 0
      vertex -14.9651 -17.3487 0
    endloop
  endfacet
  facet normal -0.751908 0.659268 0
    outer loop
      vertex -14.7979 -17.2021 0
      vertex -14.6513 -17.0349 3
      vertex -14.6513 -17.0349 0
    endloop
  endfacet
  facet normal -0.751908 0.659268 0
    outer loop
      vertex -14.6513 -17.0349 3
      vertex -14.7979 -17.2021 0
      vertex -14.7979 -17.2021 3
    endloop
  endfacet
  facet normal -0.98077 -0.195165 0
    outer loop
      vertex -14.3145 16.2219 0
      vertex -14.3579 16.44 3
      vertex -14.3579 16.44 0
    endloop
  endfacet
  facet normal -0.98077 -0.195165 0
    outer loop
      vertex -14.3579 16.44 3
      vertex -14.3145 16.2219 0
      vertex -14.3145 16.2219 3
    endloop
  endfacet
  facet normal -0.997872 -0.0652057 0
    outer loop
      vertex -14.3 16 0
      vertex -14.3145 16.2219 3
      vertex -14.3145 16.2219 0
    endloop
  endfacet
  facet normal -0.997872 -0.0652057 0
    outer loop
      vertex -14.3145 16.2219 3
      vertex -14.3 16 0
      vertex -14.3 16 3
    endloop
  endfacet
  facet normal 0.44253 -0.896754 0
    outer loop
      vertex -16.85 17.4722 0
      vertex -16.6506 17.5706 3
      vertex -16.85 17.4722 3
    endloop
  endfacet
  facet normal 0.44253 -0.896754 0
    outer loop
      vertex -16.6506 17.5706 3
      vertex -16.85 17.4722 0
      vertex -16.6506 17.5706 0
    endloop
  endfacet
  facet normal -0.555426 -0.831566 0
    outer loop
      vertex -15.15 17.4722 0
      vertex -14.9651 17.3487 3
      vertex -15.15 17.4722 3
    endloop
  endfacet
  facet normal -0.555426 -0.831566 -0
    outer loop
      vertex -14.9651 17.3487 3
      vertex -15.15 17.4722 0
      vertex -14.9651 17.3487 0
    endloop
  endfacet
  facet normal 0.659268 -0.751908 0
    outer loop
      vertex -17.2021 17.2021 0
      vertex -17.0349 17.3487 3
      vertex -17.2021 17.2021 3
    endloop
  endfacet
  facet normal 0.659268 -0.751908 0
    outer loop
      vertex -17.0349 17.3487 3
      vertex -17.2021 17.2021 0
      vertex -17.0349 17.3487 0
    endloop
  endfacet
  facet normal -0.321484 0.946915 0
    outer loop
      vertex -15.3494 14.4294 0
      vertex -15.56 14.3579 3
      vertex -15.3494 14.4294 3
    endloop
  endfacet
  facet normal -0.321484 0.946915 0
    outer loop
      vertex -15.56 14.3579 3
      vertex -15.3494 14.4294 0
      vertex -15.56 14.3579 0
    endloop
  endfacet
  facet normal -0.831566 0.555426 0
    outer loop
      vertex -14.6513 14.9651 0
      vertex -14.5278 15.15 3
      vertex -14.5278 15.15 0
    endloop
  endfacet
  facet normal -0.831566 0.555426 0
    outer loop
      vertex -14.5278 15.15 3
      vertex -14.6513 14.9651 0
      vertex -14.6513 14.9651 3
    endloop
  endfacet
  facet normal -0.946915 0.321484 0
    outer loop
      vertex -14.4294 15.3494 0
      vertex -14.3579 15.56 3
      vertex -14.3579 15.56 0
    endloop
  endfacet
  facet normal -0.946915 0.321484 0
    outer loop
      vertex -14.3579 15.56 3
      vertex -14.4294 15.3494 0
      vertex -14.4294 15.3494 3
    endloop
  endfacet
  facet normal -0.321484 -0.946915 0
    outer loop
      vertex -15.56 17.6421 0
      vertex -15.3494 17.5706 3
      vertex -15.56 17.6421 3
    endloop
  endfacet
  facet normal -0.321484 -0.946915 -0
    outer loop
      vertex -15.3494 17.5706 3
      vertex -15.56 17.6421 0
      vertex -15.3494 17.5706 0
    endloop
  endfacet
  facet normal -0.195165 -0.98077 0
    outer loop
      vertex -15.7781 17.6855 0
      vertex -15.56 17.6421 3
      vertex -15.7781 17.6855 3
    endloop
  endfacet
  facet normal -0.195165 -0.98077 -0
    outer loop
      vertex -15.56 17.6421 3
      vertex -15.7781 17.6855 0
      vertex -15.56 17.6421 0
    endloop
  endfacet
  facet normal 0.555426 -0.831566 0
    outer loop
      vertex -17.0349 17.3487 0
      vertex -16.85 17.4722 3
      vertex -17.0349 17.3487 3
    endloop
  endfacet
  facet normal 0.555426 -0.831566 0
    outer loop
      vertex -16.85 17.4722 3
      vertex -17.0349 17.3487 0
      vertex -16.85 17.4722 0
    endloop
  endfacet
  facet normal -0.896754 0.44253 0
    outer loop
      vertex -14.5278 15.15 0
      vertex -14.4294 15.3494 3
      vertex -14.4294 15.3494 0
    endloop
  endfacet
  facet normal -0.896754 0.44253 0
    outer loop
      vertex -14.4294 15.3494 3
      vertex -14.5278 15.15 0
      vertex -14.5278 15.15 3
    endloop
  endfacet
  facet normal -0.659268 -0.751908 0
    outer loop
      vertex -14.9651 17.3487 0
      vertex -14.7979 17.2021 3
      vertex -14.9651 17.3487 3
    endloop
  endfacet
  facet normal -0.659268 -0.751908 -0
    outer loop
      vertex -14.7979 17.2021 3
      vertex -14.9651 17.3487 0
      vertex -14.7979 17.2021 0
    endloop
  endfacet
  facet normal -0.555426 0.831566 0
    outer loop
      vertex -14.9651 14.6513 0
      vertex -15.15 14.5278 3
      vertex -14.9651 14.6513 3
    endloop
  endfacet
  facet normal -0.555426 0.831566 0
    outer loop
      vertex -15.15 14.5278 3
      vertex -14.9651 14.6513 0
      vertex -15.15 14.5278 0
    endloop
  endfacet
  facet normal -0.44253 -0.896754 0
    outer loop
      vertex -15.3494 17.5706 0
      vertex -15.15 17.4722 3
      vertex -15.3494 17.5706 3
    endloop
  endfacet
  facet normal -0.44253 -0.896754 -0
    outer loop
      vertex -15.15 17.4722 3
      vertex -15.3494 17.5706 0
      vertex -15.15 17.4722 0
    endloop
  endfacet
  facet normal 0.997872 -0.0652057 0
    outer loop
      vertex -17.7 16 3
      vertex -17.6855 16.2219 0
      vertex -17.6855 16.2219 3
    endloop
  endfacet
  facet normal 0.997872 -0.0652057 0
    outer loop
      vertex -17.6855 16.2219 0
      vertex -17.7 16 3
      vertex -17.7 16 0
    endloop
  endfacet
  facet normal 0.659268 0.751908 -0
    outer loop
      vertex -17.0349 14.6513 0
      vertex -17.2021 14.7979 3
      vertex -17.0349 14.6513 3
    endloop
  endfacet
  facet normal 0.659268 0.751908 0
    outer loop
      vertex -17.2021 14.7979 3
      vertex -17.0349 14.6513 0
      vertex -17.2021 14.7979 0
    endloop
  endfacet
  facet normal 0.751908 0.659268 0
    outer loop
      vertex -17.2021 14.7979 3
      vertex -17.3487 14.9651 0
      vertex -17.3487 14.9651 3
    endloop
  endfacet
  facet normal 0.751908 0.659268 0
    outer loop
      vertex -17.3487 14.9651 0
      vertex -17.2021 14.7979 3
      vertex -17.2021 14.7979 0
    endloop
  endfacet
  facet normal 0.831566 0.555426 0
    outer loop
      vertex -17.3487 14.9651 3
      vertex -17.4722 15.15 0
      vertex -17.4722 15.15 3
    endloop
  endfacet
  facet normal 0.831566 0.555426 0
    outer loop
      vertex -17.4722 15.15 0
      vertex -17.3487 14.9651 3
      vertex -17.3487 14.9651 0
    endloop
  endfacet
  facet normal -0.831566 -0.555426 0
    outer loop
      vertex -14.5278 16.85 0
      vertex -14.6513 17.0349 3
      vertex -14.6513 17.0349 0
    endloop
  endfacet
  facet normal -0.831566 -0.555426 0
    outer loop
      vertex -14.6513 17.0349 3
      vertex -14.5278 16.85 0
      vertex -14.5278 16.85 3
    endloop
  endfacet
  facet normal -0.195165 0.98077 0
    outer loop
      vertex -15.56 14.3579 0
      vertex -15.7781 14.3145 3
      vertex -15.56 14.3579 3
    endloop
  endfacet
  facet normal -0.195165 0.98077 0
    outer loop
      vertex -15.7781 14.3145 3
      vertex -15.56 14.3579 0
      vertex -15.7781 14.3145 0
    endloop
  endfacet
  facet normal -0.98077 0.195165 0
    outer loop
      vertex -14.3579 15.56 0
      vertex -14.3145 15.7781 3
      vertex -14.3145 15.7781 0
    endloop
  endfacet
  facet normal -0.98077 0.195165 0
    outer loop
      vertex -14.3145 15.7781 3
      vertex -14.3579 15.56 0
      vertex -14.3579 15.56 3
    endloop
  endfacet
  facet normal 0.946915 0.321484 0
    outer loop
      vertex -17.5706 15.3494 3
      vertex -17.6421 15.56 0
      vertex -17.6421 15.56 3
    endloop
  endfacet
  facet normal 0.946915 0.321484 0
    outer loop
      vertex -17.6421 15.56 0
      vertex -17.5706 15.3494 3
      vertex -17.5706 15.3494 0
    endloop
  endfacet
  facet normal -0.44253 0.896754 0
    outer loop
      vertex -15.15 14.5278 0
      vertex -15.3494 14.4294 3
      vertex -15.15 14.5278 3
    endloop
  endfacet
  facet normal -0.44253 0.896754 0
    outer loop
      vertex -15.3494 14.4294 3
      vertex -15.15 14.5278 0
      vertex -15.3494 14.4294 0
    endloop
  endfacet
  facet normal -0.0652057 -0.997872 0
    outer loop
      vertex -16 17.7 0
      vertex -15.7781 17.6855 3
      vertex -16 17.7 3
    endloop
  endfacet
  facet normal -0.0652057 -0.997872 -0
    outer loop
      vertex -15.7781 17.6855 3
      vertex -16 17.7 0
      vertex -15.7781 17.6855 0
    endloop
  endfacet
  facet normal 0.321484 -0.946915 0
    outer loop
      vertex -16.6506 17.5706 0
      vertex -16.44 17.6421 3
      vertex -16.6506 17.5706 3
    endloop
  endfacet
  facet normal 0.321484 -0.946915 0
    outer loop
      vertex -16.44 17.6421 3
      vertex -16.6506 17.5706 0
      vertex -16.44 17.6421 0
    endloop
  endfacet
  facet normal 0.195165 -0.98077 0
    outer loop
      vertex -16.44 17.6421 0
      vertex -16.2219 17.6855 3
      vertex -16.44 17.6421 3
    endloop
  endfacet
  facet normal 0.195165 -0.98077 0
    outer loop
      vertex -16.2219 17.6855 3
      vertex -16.44 17.6421 0
      vertex -16.2219 17.6855 0
    endloop
  endfacet
  facet normal -0.896754 -0.44253 0
    outer loop
      vertex -14.4294 16.6506 0
      vertex -14.5278 16.85 3
      vertex -14.5278 16.85 0
    endloop
  endfacet
  facet normal -0.896754 -0.44253 0
    outer loop
      vertex -14.5278 16.85 3
      vertex -14.4294 16.6506 0
      vertex -14.4294 16.6506 3
    endloop
  endfacet
  facet normal -0.997872 0.0652057 0
    outer loop
      vertex -14.3145 15.7781 0
      vertex -14.3 16 3
      vertex -14.3 16 0
    endloop
  endfacet
  facet normal -0.997872 0.0652057 0
    outer loop
      vertex -14.3 16 3
      vertex -14.3145 15.7781 0
      vertex -14.3145 15.7781 3
    endloop
  endfacet
  facet normal -0.0652057 0.997872 0
    outer loop
      vertex -15.7781 14.3145 0
      vertex -16 14.3 3
      vertex -15.7781 14.3145 3
    endloop
  endfacet
  facet normal -0.0652057 0.997872 0
    outer loop
      vertex -16 14.3 3
      vertex -15.7781 14.3145 0
      vertex -16 14.3 0
    endloop
  endfacet
  facet normal -0.751908 -0.659268 0
    outer loop
      vertex -14.6513 17.0349 0
      vertex -14.7979 17.2021 3
      vertex -14.7979 17.2021 0
    endloop
  endfacet
  facet normal -0.751908 -0.659268 0
    outer loop
      vertex -14.7979 17.2021 3
      vertex -14.6513 17.0349 0
      vertex -14.6513 17.0349 3
    endloop
  endfacet
  facet normal 0.997872 0.0652057 0
    outer loop
      vertex -17.6855 15.7781 3
      vertex -17.7 16 0
      vertex -17.7 16 3
    endloop
  endfacet
  facet normal 0.997872 0.0652057 0
    outer loop
      vertex -17.7 16 0
      vertex -17.6855 15.7781 3
      vertex -17.6855 15.7781 0
    endloop
  endfacet
  facet normal -0.751908 0.659268 0
    outer loop
      vertex -14.7979 14.7979 0
      vertex -14.6513 14.9651 3
      vertex -14.6513 14.9651 0
    endloop
  endfacet
  facet normal -0.751908 0.659268 0
    outer loop
      vertex -14.6513 14.9651 3
      vertex -14.7979 14.7979 0
      vertex -14.7979 14.7979 3
    endloop
  endfacet
  facet normal 0.751908 -0.659268 0
    outer loop
      vertex -17.3487 17.0349 3
      vertex -17.2021 17.2021 0
      vertex -17.2021 17.2021 3
    endloop
  endfacet
  facet normal 0.751908 -0.659268 0
    outer loop
      vertex -17.2021 17.2021 0
      vertex -17.3487 17.0349 3
      vertex -17.3487 17.0349 0
    endloop
  endfacet
  facet normal 0.831566 -0.555426 0
    outer loop
      vertex -17.4722 16.85 3
      vertex -17.3487 17.0349 0
      vertex -17.3487 17.0349 3
    endloop
  endfacet
  facet normal 0.831566 -0.555426 0
    outer loop
      vertex -17.3487 17.0349 0
      vertex -17.4722 16.85 3
      vertex -17.4722 16.85 0
    endloop
  endfacet
  facet normal 0.0652057 -0.997872 0
    outer loop
      vertex -16.2219 17.6855 0
      vertex -16 17.7 3
      vertex -16.2219 17.6855 3
    endloop
  endfacet
  facet normal 0.0652057 -0.997872 0
    outer loop
      vertex -16 17.7 3
      vertex -16.2219 17.6855 0
      vertex -16 17.7 0
    endloop
  endfacet
  facet normal 0.98077 0.195165 0
    outer loop
      vertex -17.6421 15.56 3
      vertex -17.6855 15.7781 0
      vertex -17.6855 15.7781 3
    endloop
  endfacet
  facet normal 0.98077 0.195165 0
    outer loop
      vertex -17.6855 15.7781 0
      vertex -17.6421 15.56 3
      vertex -17.6421 15.56 0
    endloop
  endfacet
  facet normal 0.321484 0.946915 -0
    outer loop
      vertex -16.44 14.3579 0
      vertex -16.6506 14.4294 3
      vertex -16.44 14.3579 3
    endloop
  endfacet
  facet normal 0.321484 0.946915 0
    outer loop
      vertex -16.6506 14.4294 3
      vertex -16.44 14.3579 0
      vertex -16.6506 14.4294 0
    endloop
  endfacet
  facet normal -0.946915 -0.321484 0
    outer loop
      vertex -14.3579 16.44 0
      vertex -14.4294 16.6506 3
      vertex -14.4294 16.6506 0
    endloop
  endfacet
  facet normal -0.946915 -0.321484 0
    outer loop
      vertex -14.4294 16.6506 3
      vertex -14.3579 16.44 0
      vertex -14.3579 16.44 3
    endloop
  endfacet
  facet normal 0.44253 0.896754 -0
    outer loop
      vertex -16.6506 14.4294 0
      vertex -16.85 14.5278 3
      vertex -16.6506 14.4294 3
    endloop
  endfacet
  facet normal 0.44253 0.896754 0
    outer loop
      vertex -16.85 14.5278 3
      vertex -16.6506 14.4294 0
      vertex -16.85 14.5278 0
    endloop
  endfacet
  facet normal 0.555426 0.831566 -0
    outer loop
      vertex -16.85 14.5278 0
      vertex -17.0349 14.6513 3
      vertex -16.85 14.5278 3
    endloop
  endfacet
  facet normal 0.555426 0.831566 0
    outer loop
      vertex -17.0349 14.6513 3
      vertex -16.85 14.5278 0
      vertex -17.0349 14.6513 0
    endloop
  endfacet
  facet normal 0.195165 0.98077 -0
    outer loop
      vertex -16.2219 14.3145 0
      vertex -16.44 14.3579 3
      vertex -16.2219 14.3145 3
    endloop
  endfacet
  facet normal 0.195165 0.98077 0
    outer loop
      vertex -16.44 14.3579 3
      vertex -16.2219 14.3145 0
      vertex -16.44 14.3579 0
    endloop
  endfacet
  facet normal 0.896754 -0.44253 0
    outer loop
      vertex -17.5706 16.6506 3
      vertex -17.4722 16.85 0
      vertex -17.4722 16.85 3
    endloop
  endfacet
  facet normal 0.896754 -0.44253 0
    outer loop
      vertex -17.4722 16.85 0
      vertex -17.5706 16.6506 3
      vertex -17.5706 16.6506 0
    endloop
  endfacet
  facet normal 0.0652057 0.997872 -0
    outer loop
      vertex -16 14.3 0
      vertex -16.2219 14.3145 3
      vertex -16 14.3 3
    endloop
  endfacet
  facet normal 0.0652057 0.997872 0
    outer loop
      vertex -16.2219 14.3145 3
      vertex -16 14.3 0
      vertex -16.2219 14.3145 0
    endloop
  endfacet
  facet normal 0.896754 0.44253 0
    outer loop
      vertex -17.4722 15.15 3
      vertex -17.5706 15.3494 0
      vertex -17.5706 15.3494 3
    endloop
  endfacet
  facet normal 0.896754 0.44253 0
    outer loop
      vertex -17.5706 15.3494 0
      vertex -17.4722 15.15 3
      vertex -17.4722 15.15 0
    endloop
  endfacet
  facet normal 0.98077 -0.195165 0
    outer loop
      vertex -17.6855 16.2219 3
      vertex -17.6421 16.44 0
      vertex -17.6421 16.44 3
    endloop
  endfacet
  facet normal 0.98077 -0.195165 0
    outer loop
      vertex -17.6421 16.44 0
      vertex -17.6855 16.2219 3
      vertex -17.6855 16.2219 0
    endloop
  endfacet
  facet normal 0.946915 -0.321484 0
    outer loop
      vertex -17.6421 16.44 3
      vertex -17.5706 16.6506 0
      vertex -17.5706 16.6506 3
    endloop
  endfacet
  facet normal 0.946915 -0.321484 0
    outer loop
      vertex -17.5706 16.6506 0
      vertex -17.6421 16.44 3
      vertex -17.6421 16.44 0
    endloop
  endfacet
  facet normal -0.659268 0.751908 0
    outer loop
      vertex -14.7979 14.7979 0
      vertex -14.9651 14.6513 3
      vertex -14.7979 14.7979 3
    endloop
  endfacet
  facet normal -0.659268 0.751908 0
    outer loop
      vertex -14.9651 14.6513 3
      vertex -14.7979 14.7979 0
      vertex -14.9651 14.6513 0
    endloop
  endfacet
  facet normal -0.98077 -0.195165 0
    outer loop
      vertex 17.6855 -15.7781 0
      vertex 17.6421 -15.56 3
      vertex 17.6421 -15.56 0
    endloop
  endfacet
  facet normal -0.98077 -0.195165 0
    outer loop
      vertex 17.6421 -15.56 3
      vertex 17.6855 -15.7781 0
      vertex 17.6855 -15.7781 3
    endloop
  endfacet
  facet normal -0.997872 -0.0652057 0
    outer loop
      vertex 17.7 -16 0
      vertex 17.6855 -15.7781 3
      vertex 17.6855 -15.7781 0
    endloop
  endfacet
  facet normal -0.997872 -0.0652057 0
    outer loop
      vertex 17.6855 -15.7781 3
      vertex 17.7 -16 0
      vertex 17.7 -16 3
    endloop
  endfacet
  facet normal -0.0652057 0.997872 0
    outer loop
      vertex 16.2219 -17.6855 0
      vertex 16 -17.7 3
      vertex 16.2219 -17.6855 3
    endloop
  endfacet
  facet normal -0.0652057 0.997872 0
    outer loop
      vertex 16 -17.7 3
      vertex 16.2219 -17.6855 0
      vertex 16 -17.7 0
    endloop
  endfacet
  facet normal 0.659268 -0.751908 0
    outer loop
      vertex 14.7979 -14.7979 0
      vertex 14.9651 -14.6513 3
      vertex 14.7979 -14.7979 3
    endloop
  endfacet
  facet normal 0.659268 -0.751908 0
    outer loop
      vertex 14.9651 -14.6513 3
      vertex 14.7979 -14.7979 0
      vertex 14.9651 -14.6513 0
    endloop
  endfacet
  facet normal 0.831566 0.555426 0
    outer loop
      vertex 14.6513 -17.0349 3
      vertex 14.5278 -16.85 0
      vertex 14.5278 -16.85 3
    endloop
  endfacet
  facet normal 0.831566 0.555426 0
    outer loop
      vertex 14.5278 -16.85 0
      vertex 14.6513 -17.0349 3
      vertex 14.6513 -17.0349 0
    endloop
  endfacet
  facet normal 0.195165 0.98077 -0
    outer loop
      vertex 15.7781 -17.6855 0
      vertex 15.56 -17.6421 3
      vertex 15.7781 -17.6855 3
    endloop
  endfacet
  facet normal 0.195165 0.98077 0
    outer loop
      vertex 15.56 -17.6421 3
      vertex 15.7781 -17.6855 0
      vertex 15.56 -17.6421 0
    endloop
  endfacet
  facet normal -0.659268 -0.751908 0
    outer loop
      vertex 17.0349 -14.6513 0
      vertex 17.2021 -14.7979 3
      vertex 17.0349 -14.6513 3
    endloop
  endfacet
  facet normal -0.659268 -0.751908 -0
    outer loop
      vertex 17.2021 -14.7979 3
      vertex 17.0349 -14.6513 0
      vertex 17.2021 -14.7979 0
    endloop
  endfacet
  facet normal -0.946915 0.321484 0
    outer loop
      vertex 17.5706 -16.6506 0
      vertex 17.6421 -16.44 3
      vertex 17.6421 -16.44 0
    endloop
  endfacet
  facet normal -0.946915 0.321484 0
    outer loop
      vertex 17.6421 -16.44 3
      vertex 17.5706 -16.6506 0
      vertex 17.5706 -16.6506 3
    endloop
  endfacet
  facet normal -0.751908 0.659268 0
    outer loop
      vertex 17.2021 -17.2021 0
      vertex 17.3487 -17.0349 3
      vertex 17.3487 -17.0349 0
    endloop
  endfacet
  facet normal -0.751908 0.659268 0
    outer loop
      vertex 17.3487 -17.0349 3
      vertex 17.2021 -17.2021 0
      vertex 17.2021 -17.2021 3
    endloop
  endfacet
  facet normal -0.751908 -0.659268 0
    outer loop
      vertex 17.3487 -14.9651 0
      vertex 17.2021 -14.7979 3
      vertex 17.2021 -14.7979 0
    endloop
  endfacet
  facet normal -0.751908 -0.659268 0
    outer loop
      vertex 17.2021 -14.7979 3
      vertex 17.3487 -14.9651 0
      vertex 17.3487 -14.9651 3
    endloop
  endfacet
  facet normal 0.946915 0.321484 0
    outer loop
      vertex 14.4294 -16.6506 3
      vertex 14.3579 -16.44 0
      vertex 14.3579 -16.44 3
    endloop
  endfacet
  facet normal 0.946915 0.321484 0
    outer loop
      vertex 14.3579 -16.44 0
      vertex 14.4294 -16.6506 3
      vertex 14.4294 -16.6506 0
    endloop
  endfacet
  facet normal -0.321484 0.946915 0
    outer loop
      vertex 16.6506 -17.5706 0
      vertex 16.44 -17.6421 3
      vertex 16.6506 -17.5706 3
    endloop
  endfacet
  facet normal -0.321484 0.946915 0
    outer loop
      vertex 16.44 -17.6421 3
      vertex 16.6506 -17.5706 0
      vertex 16.44 -17.6421 0
    endloop
  endfacet
  facet normal 0.0652057 0.997872 -0
    outer loop
      vertex 16 -17.7 0
      vertex 15.7781 -17.6855 3
      vertex 16 -17.7 3
    endloop
  endfacet
  facet normal 0.0652057 0.997872 0
    outer loop
      vertex 15.7781 -17.6855 3
      vertex 16 -17.7 0
      vertex 15.7781 -17.6855 0
    endloop
  endfacet
  facet normal 0.321484 -0.946915 0
    outer loop
      vertex 15.3494 -14.4294 0
      vertex 15.56 -14.3579 3
      vertex 15.3494 -14.4294 3
    endloop
  endfacet
  facet normal 0.321484 -0.946915 0
    outer loop
      vertex 15.56 -14.3579 3
      vertex 15.3494 -14.4294 0
      vertex 15.56 -14.3579 0
    endloop
  endfacet
  facet normal -0.946915 -0.321484 0
    outer loop
      vertex 17.6421 -15.56 0
      vertex 17.5706 -15.3494 3
      vertex 17.5706 -15.3494 0
    endloop
  endfacet
  facet normal -0.946915 -0.321484 0
    outer loop
      vertex 17.5706 -15.3494 3
      vertex 17.6421 -15.56 0
      vertex 17.6421 -15.56 3
    endloop
  endfacet
  facet normal 0.751908 -0.659268 0
    outer loop
      vertex 14.6513 -14.9651 3
      vertex 14.7979 -14.7979 0
      vertex 14.7979 -14.7979 3
    endloop
  endfacet
  facet normal 0.751908 -0.659268 0
    outer loop
      vertex 14.7979 -14.7979 0
      vertex 14.6513 -14.9651 3
      vertex 14.6513 -14.9651 0
    endloop
  endfacet
  facet normal 0.44253 0.896754 -0
    outer loop
      vertex 15.3494 -17.5706 0
      vertex 15.15 -17.4722 3
      vertex 15.3494 -17.5706 3
    endloop
  endfacet
  facet normal 0.44253 0.896754 0
    outer loop
      vertex 15.15 -17.4722 3
      vertex 15.3494 -17.5706 0
      vertex 15.15 -17.4722 0
    endloop
  endfacet
  facet normal 0.0652057 -0.997872 0
    outer loop
      vertex 15.7781 -14.3145 0
      vertex 16 -14.3 3
      vertex 15.7781 -14.3145 3
    endloop
  endfacet
  facet normal 0.0652057 -0.997872 0
    outer loop
      vertex 16 -14.3 3
      vertex 15.7781 -14.3145 0
      vertex 16 -14.3 0
    endloop
  endfacet
  facet normal -0.896754 0.44253 0
    outer loop
      vertex 17.4722 -16.85 0
      vertex 17.5706 -16.6506 3
      vertex 17.5706 -16.6506 0
    endloop
  endfacet
  facet normal -0.896754 0.44253 0
    outer loop
      vertex 17.5706 -16.6506 3
      vertex 17.4722 -16.85 0
      vertex 17.4722 -16.85 3
    endloop
  endfacet
  facet normal -0.555426 0.831566 0
    outer loop
      vertex 17.0349 -17.3487 0
      vertex 16.85 -17.4722 3
      vertex 17.0349 -17.3487 3
    endloop
  endfacet
  facet normal -0.555426 0.831566 0
    outer loop
      vertex 16.85 -17.4722 3
      vertex 17.0349 -17.3487 0
      vertex 16.85 -17.4722 0
    endloop
  endfacet
  facet normal 0.98077 0.195165 0
    outer loop
      vertex 14.3579 -16.44 3
      vertex 14.3145 -16.2219 0
      vertex 14.3145 -16.2219 3
    endloop
  endfacet
  facet normal 0.98077 0.195165 0
    outer loop
      vertex 14.3145 -16.2219 0
      vertex 14.3579 -16.44 3
      vertex 14.3579 -16.44 0
    endloop
  endfacet
  facet normal -0.195165 -0.98077 0
    outer loop
      vertex 16.2219 -14.3145 0
      vertex 16.44 -14.3579 3
      vertex 16.2219 -14.3145 3
    endloop
  endfacet
  facet normal -0.195165 -0.98077 -0
    outer loop
      vertex 16.44 -14.3579 3
      vertex 16.2219 -14.3145 0
      vertex 16.44 -14.3579 0
    endloop
  endfacet
  facet normal -0.831566 -0.555426 0
    outer loop
      vertex 17.4722 -15.15 0
      vertex 17.3487 -14.9651 3
      vertex 17.3487 -14.9651 0
    endloop
  endfacet
  facet normal -0.831566 -0.555426 0
    outer loop
      vertex 17.3487 -14.9651 3
      vertex 17.4722 -15.15 0
      vertex 17.4722 -15.15 3
    endloop
  endfacet
  facet normal -0.997872 0.0652057 0
    outer loop
      vertex 17.6855 -16.2219 0
      vertex 17.7 -16 3
      vertex 17.7 -16 0
    endloop
  endfacet
  facet normal -0.997872 0.0652057 0
    outer loop
      vertex 17.7 -16 3
      vertex 17.6855 -16.2219 0
      vertex 17.6855 -16.2219 3
    endloop
  endfacet
  facet normal -0.321484 -0.946915 0
    outer loop
      vertex 16.44 -14.3579 0
      vertex 16.6506 -14.4294 3
      vertex 16.44 -14.3579 3
    endloop
  endfacet
  facet normal -0.321484 -0.946915 -0
    outer loop
      vertex 16.6506 -14.4294 3
      vertex 16.44 -14.3579 0
      vertex 16.6506 -14.4294 0
    endloop
  endfacet
  facet normal -0.555426 -0.831566 0
    outer loop
      vertex 16.85 -14.5278 0
      vertex 17.0349 -14.6513 3
      vertex 16.85 -14.5278 3
    endloop
  endfacet
  facet normal -0.555426 -0.831566 -0
    outer loop
      vertex 17.0349 -14.6513 3
      vertex 16.85 -14.5278 0
      vertex 17.0349 -14.6513 0
    endloop
  endfacet
  facet normal 0.195165 -0.98077 0
    outer loop
      vertex 15.56 -14.3579 0
      vertex 15.7781 -14.3145 3
      vertex 15.56 -14.3579 3
    endloop
  endfacet
  facet normal 0.195165 -0.98077 0
    outer loop
      vertex 15.7781 -14.3145 3
      vertex 15.56 -14.3579 0
      vertex 15.7781 -14.3145 0
    endloop
  endfacet
  facet normal -0.659268 0.751908 0
    outer loop
      vertex 17.2021 -17.2021 0
      vertex 17.0349 -17.3487 3
      vertex 17.2021 -17.2021 3
    endloop
  endfacet
  facet normal -0.659268 0.751908 0
    outer loop
      vertex 17.0349 -17.3487 3
      vertex 17.2021 -17.2021 0
      vertex 17.0349 -17.3487 0
    endloop
  endfacet
  facet normal 0.896754 -0.44253 0
    outer loop
      vertex 14.4294 -15.3494 3
      vertex 14.5278 -15.15 0
      vertex 14.5278 -15.15 3
    endloop
  endfacet
  facet normal 0.896754 -0.44253 0
    outer loop
      vertex 14.5278 -15.15 0
      vertex 14.4294 -15.3494 3
      vertex 14.4294 -15.3494 0
    endloop
  endfacet
  facet normal -0.98077 0.195165 0
    outer loop
      vertex 17.6421 -16.44 0
      vertex 17.6855 -16.2219 3
      vertex 17.6855 -16.2219 0
    endloop
  endfacet
  facet normal -0.98077 0.195165 0
    outer loop
      vertex 17.6855 -16.2219 3
      vertex 17.6421 -16.44 0
      vertex 17.6421 -16.44 3
    endloop
  endfacet
  facet normal -0.195165 0.98077 0
    outer loop
      vertex 16.44 -17.6421 0
      vertex 16.2219 -17.6855 3
      vertex 16.44 -17.6421 3
    endloop
  endfacet
  facet normal -0.195165 0.98077 0
    outer loop
      vertex 16.2219 -17.6855 3
      vertex 16.44 -17.6421 0
      vertex 16.2219 -17.6855 0
    endloop
  endfacet
  facet normal 0.659268 0.751908 -0
    outer loop
      vertex 14.9651 -17.3487 0
      vertex 14.7979 -17.2021 3
      vertex 14.9651 -17.3487 3
    endloop
  endfacet
  facet normal 0.659268 0.751908 0
    outer loop
      vertex 14.7979 -17.2021 3
      vertex 14.9651 -17.3487 0
      vertex 14.7979 -17.2021 0
    endloop
  endfacet
  facet normal 0.751908 0.659268 0
    outer loop
      vertex 14.7979 -17.2021 3
      vertex 14.6513 -17.0349 0
      vertex 14.6513 -17.0349 3
    endloop
  endfacet
  facet normal 0.751908 0.659268 0
    outer loop
      vertex 14.6513 -17.0349 0
      vertex 14.7979 -17.2021 3
      vertex 14.7979 -17.2021 0
    endloop
  endfacet
  facet normal -0.0652057 -0.997872 0
    outer loop
      vertex 16 -14.3 0
      vertex 16.2219 -14.3145 3
      vertex 16 -14.3 3
    endloop
  endfacet
  facet normal -0.0652057 -0.997872 -0
    outer loop
      vertex 16.2219 -14.3145 3
      vertex 16 -14.3 0
      vertex 16.2219 -14.3145 0
    endloop
  endfacet
  facet normal -0.44253 -0.896754 0
    outer loop
      vertex 16.6506 -14.4294 0
      vertex 16.85 -14.5278 3
      vertex 16.6506 -14.4294 3
    endloop
  endfacet
  facet normal -0.44253 -0.896754 -0
    outer loop
      vertex 16.85 -14.5278 3
      vertex 16.6506 -14.4294 0
      vertex 16.85 -14.5278 0
    endloop
  endfacet
  facet normal -0.831566 0.555426 0
    outer loop
      vertex 17.3487 -17.0349 0
      vertex 17.4722 -16.85 3
      vertex 17.4722 -16.85 0
    endloop
  endfacet
  facet normal -0.831566 0.555426 0
    outer loop
      vertex 17.4722 -16.85 3
      vertex 17.3487 -17.0349 0
      vertex 17.3487 -17.0349 3
    endloop
  endfacet
  facet normal 0.997872 0.0652057 0
    outer loop
      vertex 14.3145 -16.2219 3
      vertex 14.3 -16 0
      vertex 14.3 -16 3
    endloop
  endfacet
  facet normal 0.997872 0.0652057 0
    outer loop
      vertex 14.3 -16 0
      vertex 14.3145 -16.2219 3
      vertex 14.3145 -16.2219 0
    endloop
  endfacet
  facet normal -0.44253 0.896754 0
    outer loop
      vertex 16.85 -17.4722 0
      vertex 16.6506 -17.5706 3
      vertex 16.85 -17.4722 3
    endloop
  endfacet
  facet normal -0.44253 0.896754 0
    outer loop
      vertex 16.6506 -17.5706 3
      vertex 16.85 -17.4722 0
      vertex 16.6506 -17.5706 0
    endloop
  endfacet
  facet normal 0.98077 -0.195165 0
    outer loop
      vertex 14.3145 -15.7781 3
      vertex 14.3579 -15.56 0
      vertex 14.3579 -15.56 3
    endloop
  endfacet
  facet normal 0.98077 -0.195165 0
    outer loop
      vertex 14.3579 -15.56 0
      vertex 14.3145 -15.7781 3
      vertex 14.3145 -15.7781 0
    endloop
  endfacet
  facet normal 0.896754 0.44253 0
    outer loop
      vertex 14.5278 -16.85 3
      vertex 14.4294 -16.6506 0
      vertex 14.4294 -16.6506 3
    endloop
  endfacet
  facet normal 0.896754 0.44253 0
    outer loop
      vertex 14.4294 -16.6506 0
      vertex 14.5278 -16.85 3
      vertex 14.5278 -16.85 0
    endloop
  endfacet
  facet normal 0.946915 -0.321484 0
    outer loop
      vertex 14.3579 -15.56 3
      vertex 14.4294 -15.3494 0
      vertex 14.4294 -15.3494 3
    endloop
  endfacet
  facet normal 0.946915 -0.321484 0
    outer loop
      vertex 14.4294 -15.3494 0
      vertex 14.3579 -15.56 3
      vertex 14.3579 -15.56 0
    endloop
  endfacet
  facet normal -0.896754 -0.44253 0
    outer loop
      vertex 17.5706 -15.3494 0
      vertex 17.4722 -15.15 3
      vertex 17.4722 -15.15 0
    endloop
  endfacet
  facet normal -0.896754 -0.44253 0
    outer loop
      vertex 17.4722 -15.15 3
      vertex 17.5706 -15.3494 0
      vertex 17.5706 -15.3494 3
    endloop
  endfacet
  facet normal 0.997872 -0.0652057 0
    outer loop
      vertex 14.3 -16 3
      vertex 14.3145 -15.7781 0
      vertex 14.3145 -15.7781 3
    endloop
  endfacet
  facet normal 0.997872 -0.0652057 0
    outer loop
      vertex 14.3145 -15.7781 0
      vertex 14.3 -16 3
      vertex 14.3 -16 0
    endloop
  endfacet
  facet normal 0.321484 0.946915 -0
    outer loop
      vertex 15.56 -17.6421 0
      vertex 15.3494 -17.5706 3
      vertex 15.56 -17.6421 3
    endloop
  endfacet
  facet normal 0.321484 0.946915 0
    outer loop
      vertex 15.3494 -17.5706 3
      vertex 15.56 -17.6421 0
      vertex 15.3494 -17.5706 0
    endloop
  endfacet
  facet normal 0.44253 -0.896754 0
    outer loop
      vertex 15.15 -14.5278 0
      vertex 15.3494 -14.4294 3
      vertex 15.15 -14.5278 3
    endloop
  endfacet
  facet normal 0.44253 -0.896754 0
    outer loop
      vertex 15.3494 -14.4294 3
      vertex 15.15 -14.5278 0
      vertex 15.3494 -14.4294 0
    endloop
  endfacet
  facet normal 0.555426 -0.831566 0
    outer loop
      vertex 14.9651 -14.6513 0
      vertex 15.15 -14.5278 3
      vertex 14.9651 -14.6513 3
    endloop
  endfacet
  facet normal 0.555426 -0.831566 0
    outer loop
      vertex 15.15 -14.5278 3
      vertex 14.9651 -14.6513 0
      vertex 15.15 -14.5278 0
    endloop
  endfacet
  facet normal 0.831566 -0.555426 0
    outer loop
      vertex 14.5278 -15.15 3
      vertex 14.6513 -14.9651 0
      vertex 14.6513 -14.9651 3
    endloop
  endfacet
  facet normal 0.831566 -0.555426 0
    outer loop
      vertex 14.6513 -14.9651 0
      vertex 14.5278 -15.15 3
      vertex 14.5278 -15.15 0
    endloop
  endfacet
  facet normal 0.555426 0.831566 -0
    outer loop
      vertex 15.15 -17.4722 0
      vertex 14.9651 -17.3487 3
      vertex 15.15 -17.4722 3
    endloop
  endfacet
  facet normal 0.555426 0.831566 0
    outer loop
      vertex 14.9651 -17.3487 3
      vertex 15.15 -17.4722 0
      vertex 14.9651 -17.3487 0
    endloop
  endfacet
  facet normal -0.98077 -0.195165 0
    outer loop
      vertex 17.6855 16.2219 0
      vertex 17.6421 16.44 3
      vertex 17.6421 16.44 0
    endloop
  endfacet
  facet normal -0.98077 -0.195165 0
    outer loop
      vertex 17.6421 16.44 3
      vertex 17.6855 16.2219 0
      vertex 17.6855 16.2219 3
    endloop
  endfacet
  facet normal -0.997872 -0.0652057 0
    outer loop
      vertex 17.7 16 0
      vertex 17.6855 16.2219 3
      vertex 17.6855 16.2219 0
    endloop
  endfacet
  facet normal -0.997872 -0.0652057 0
    outer loop
      vertex 17.6855 16.2219 3
      vertex 17.7 16 0
      vertex 17.7 16 3
    endloop
  endfacet
  facet normal 0.44253 -0.896754 0
    outer loop
      vertex 15.15 17.4722 0
      vertex 15.3494 17.5706 3
      vertex 15.15 17.4722 3
    endloop
  endfacet
  facet normal 0.44253 -0.896754 0
    outer loop
      vertex 15.3494 17.5706 3
      vertex 15.15 17.4722 0
      vertex 15.3494 17.5706 0
    endloop
  endfacet
  facet normal -0.555426 -0.831566 0
    outer loop
      vertex 16.85 17.4722 0
      vertex 17.0349 17.3487 3
      vertex 16.85 17.4722 3
    endloop
  endfacet
  facet normal -0.555426 -0.831566 -0
    outer loop
      vertex 17.0349 17.3487 3
      vertex 16.85 17.4722 0
      vertex 17.0349 17.3487 0
    endloop
  endfacet
  facet normal 0.659268 -0.751908 0
    outer loop
      vertex 14.7979 17.2021 0
      vertex 14.9651 17.3487 3
      vertex 14.7979 17.2021 3
    endloop
  endfacet
  facet normal 0.659268 -0.751908 0
    outer loop
      vertex 14.9651 17.3487 3
      vertex 14.7979 17.2021 0
      vertex 14.9651 17.3487 0
    endloop
  endfacet
  facet normal -0.321484 0.946915 0
    outer loop
      vertex 16.6506 14.4294 0
      vertex 16.44 14.3579 3
      vertex 16.6506 14.4294 3
    endloop
  endfacet
  facet normal -0.321484 0.946915 0
    outer loop
      vertex 16.44 14.3579 3
      vertex 16.6506 14.4294 0
      vertex 16.44 14.3579 0
    endloop
  endfacet
  facet normal -0.831566 0.555426 0
    outer loop
      vertex 17.3487 14.9651 0
      vertex 17.4722 15.15 3
      vertex 17.4722 15.15 0
    endloop
  endfacet
  facet normal -0.831566 0.555426 0
    outer loop
      vertex 17.4722 15.15 3
      vertex 17.3487 14.9651 0
      vertex 17.3487 14.9651 3
    endloop
  endfacet
  facet normal -0.946915 0.321484 0
    outer loop
      vertex 17.5706 15.3494 0
      vertex 17.6421 15.56 3
      vertex 17.6421 15.56 0
    endloop
  endfacet
  facet normal -0.946915 0.321484 0
    outer loop
      vertex 17.6421 15.56 3
      vertex 17.5706 15.3494 0
      vertex 17.5706 15.3494 3
    endloop
  endfacet
  facet normal -0.321484 -0.946915 0
    outer loop
      vertex 16.44 17.6421 0
      vertex 16.6506 17.5706 3
      vertex 16.44 17.6421 3
    endloop
  endfacet
  facet normal -0.321484 -0.946915 -0
    outer loop
      vertex 16.6506 17.5706 3
      vertex 16.44 17.6421 0
      vertex 16.6506 17.5706 0
    endloop
  endfacet
  facet normal -0.195165 -0.98077 0
    outer loop
      vertex 16.2219 17.6855 0
      vertex 16.44 17.6421 3
      vertex 16.2219 17.6855 3
    endloop
  endfacet
  facet normal -0.195165 -0.98077 -0
    outer loop
      vertex 16.44 17.6421 3
      vertex 16.2219 17.6855 0
      vertex 16.44 17.6421 0
    endloop
  endfacet
  facet normal 0.555426 -0.831566 0
    outer loop
      vertex 14.9651 17.3487 0
      vertex 15.15 17.4722 3
      vertex 14.9651 17.3487 3
    endloop
  endfacet
  facet normal 0.555426 -0.831566 0
    outer loop
      vertex 15.15 17.4722 3
      vertex 14.9651 17.3487 0
      vertex 15.15 17.4722 0
    endloop
  endfacet
  facet normal -0.896754 0.44253 0
    outer loop
      vertex 17.4722 15.15 0
      vertex 17.5706 15.3494 3
      vertex 17.5706 15.3494 0
    endloop
  endfacet
  facet normal -0.896754 0.44253 0
    outer loop
      vertex 17.5706 15.3494 3
      vertex 17.4722 15.15 0
      vertex 17.4722 15.15 3
    endloop
  endfacet
  facet normal -0.659268 -0.751908 0
    outer loop
      vertex 17.0349 17.3487 0
      vertex 17.2021 17.2021 3
      vertex 17.0349 17.3487 3
    endloop
  endfacet
  facet normal -0.659268 -0.751908 -0
    outer loop
      vertex 17.2021 17.2021 3
      vertex 17.0349 17.3487 0
      vertex 17.2021 17.2021 0
    endloop
  endfacet
  facet normal -0.555426 0.831566 0
    outer loop
      vertex 17.0349 14.6513 0
      vertex 16.85 14.5278 3
      vertex 17.0349 14.6513 3
    endloop
  endfacet
  facet normal -0.555426 0.831566 0
    outer loop
      vertex 16.85 14.5278 3
      vertex 17.0349 14.6513 0
      vertex 16.85 14.5278 0
    endloop
  endfacet
  facet normal -0.44253 -0.896754 0
    outer loop
      vertex 16.6506 17.5706 0
      vertex 16.85 17.4722 3
      vertex 16.6506 17.5706 3
    endloop
  endfacet
  facet normal -0.44253 -0.896754 -0
    outer loop
      vertex 16.85 17.4722 3
      vertex 16.6506 17.5706 0
      vertex 16.85 17.4722 0
    endloop
  endfacet
  facet normal 0.659268 0.751908 -0
    outer loop
      vertex 14.9651 14.6513 0
      vertex 14.7979 14.7979 3
      vertex 14.9651 14.6513 3
    endloop
  endfacet
  facet normal 0.659268 0.751908 0
    outer loop
      vertex 14.7979 14.7979 3
      vertex 14.9651 14.6513 0
      vertex 14.7979 14.7979 0
    endloop
  endfacet
  facet normal 0.751908 0.659268 0
    outer loop
      vertex 14.7979 14.7979 3
      vertex 14.6513 14.9651 0
      vertex 14.6513 14.9651 3
    endloop
  endfacet
  facet normal 0.751908 0.659268 0
    outer loop
      vertex 14.6513 14.9651 0
      vertex 14.7979 14.7979 3
      vertex 14.7979 14.7979 0
    endloop
  endfacet
  facet normal 0.831566 0.555426 0
    outer loop
      vertex 14.6513 14.9651 3
      vertex 14.5278 15.15 0
      vertex 14.5278 15.15 3
    endloop
  endfacet
  facet normal 0.831566 0.555426 0
    outer loop
      vertex 14.5278 15.15 0
      vertex 14.6513 14.9651 3
      vertex 14.6513 14.9651 0
    endloop
  endfacet
  facet normal -0.831566 -0.555426 0
    outer loop
      vertex 17.4722 16.85 0
      vertex 17.3487 17.0349 3
      vertex 17.3487 17.0349 0
    endloop
  endfacet
  facet normal -0.831566 -0.555426 0
    outer loop
      vertex 17.3487 17.0349 3
      vertex 17.4722 16.85 0
      vertex 17.4722 16.85 3
    endloop
  endfacet
  facet normal -0.195165 0.98077 0
    outer loop
      vertex 16.44 14.3579 0
      vertex 16.2219 14.3145 3
      vertex 16.44 14.3579 3
    endloop
  endfacet
  facet normal -0.195165 0.98077 0
    outer loop
      vertex 16.2219 14.3145 3
      vertex 16.44 14.3579 0
      vertex 16.2219 14.3145 0
    endloop
  endfacet
  facet normal -0.98077 0.195165 0
    outer loop
      vertex 17.6421 15.56 0
      vertex 17.6855 15.7781 3
      vertex 17.6855 15.7781 0
    endloop
  endfacet
  facet normal -0.98077 0.195165 0
    outer loop
      vertex 17.6855 15.7781 3
      vertex 17.6421 15.56 0
      vertex 17.6421 15.56 3
    endloop
  endfacet
  facet normal 0.946915 0.321484 0
    outer loop
      vertex 14.4294 15.3494 3
      vertex 14.3579 15.56 0
      vertex 14.3579 15.56 3
    endloop
  endfacet
  facet normal 0.946915 0.321484 0
    outer loop
      vertex 14.3579 15.56 0
      vertex 14.4294 15.3494 3
      vertex 14.4294 15.3494 0
    endloop
  endfacet
  facet normal -0.44253 0.896754 0
    outer loop
      vertex 16.85 14.5278 0
      vertex 16.6506 14.4294 3
      vertex 16.85 14.5278 3
    endloop
  endfacet
  facet normal -0.44253 0.896754 0
    outer loop
      vertex 16.6506 14.4294 3
      vertex 16.85 14.5278 0
      vertex 16.6506 14.4294 0
    endloop
  endfacet
  facet normal -0.0652057 -0.997872 0
    outer loop
      vertex 16 17.7 0
      vertex 16.2219 17.6855 3
      vertex 16 17.7 3
    endloop
  endfacet
  facet normal -0.0652057 -0.997872 -0
    outer loop
      vertex 16.2219 17.6855 3
      vertex 16 17.7 0
      vertex 16.2219 17.6855 0
    endloop
  endfacet
  facet normal 0.321484 -0.946915 0
    outer loop
      vertex 15.3494 17.5706 0
      vertex 15.56 17.6421 3
      vertex 15.3494 17.5706 3
    endloop
  endfacet
  facet normal 0.321484 -0.946915 0
    outer loop
      vertex 15.56 17.6421 3
      vertex 15.3494 17.5706 0
      vertex 15.56 17.6421 0
    endloop
  endfacet
  facet normal 0.195165 -0.98077 0
    outer loop
      vertex 15.56 17.6421 0
      vertex 15.7781 17.6855 3
      vertex 15.56 17.6421 3
    endloop
  endfacet
  facet normal 0.195165 -0.98077 0
    outer loop
      vertex 15.7781 17.6855 3
      vertex 15.56 17.6421 0
      vertex 15.7781 17.6855 0
    endloop
  endfacet
  facet normal -0.896754 -0.44253 0
    outer loop
      vertex 17.5706 16.6506 0
      vertex 17.4722 16.85 3
      vertex 17.4722 16.85 0
    endloop
  endfacet
  facet normal -0.896754 -0.44253 0
    outer loop
      vertex 17.4722 16.85 3
      vertex 17.5706 16.6506 0
      vertex 17.5706 16.6506 3
    endloop
  endfacet
  facet normal -0.997872 0.0652057 0
    outer loop
      vertex 17.6855 15.7781 0
      vertex 17.7 16 3
      vertex 17.7 16 0
    endloop
  endfacet
  facet normal -0.997872 0.0652057 0
    outer loop
      vertex 17.7 16 3
      vertex 17.6855 15.7781 0
      vertex 17.6855 15.7781 3
    endloop
  endfacet
  facet normal -0.0652057 0.997872 0
    outer loop
      vertex 16.2219 14.3145 0
      vertex 16 14.3 3
      vertex 16.2219 14.3145 3
    endloop
  endfacet
  facet normal -0.0652057 0.997872 0
    outer loop
      vertex 16 14.3 3
      vertex 16.2219 14.3145 0
      vertex 16 14.3 0
    endloop
  endfacet
  facet normal -0.751908 -0.659268 0
    outer loop
      vertex 17.3487 17.0349 0
      vertex 17.2021 17.2021 3
      vertex 17.2021 17.2021 0
    endloop
  endfacet
  facet normal -0.751908 -0.659268 0
    outer loop
      vertex 17.2021 17.2021 3
      vertex 17.3487 17.0349 0
      vertex 17.3487 17.0349 3
    endloop
  endfacet
  facet normal 0.997872 0.0652057 0
    outer loop
      vertex 14.3145 15.7781 3
      vertex 14.3 16 0
      vertex 14.3 16 3
    endloop
  endfacet
  facet normal 0.997872 0.0652057 0
    outer loop
      vertex 14.3 16 0
      vertex 14.3145 15.7781 3
      vertex 14.3145 15.7781 0
    endloop
  endfacet
  facet normal -0.751908 0.659268 0
    outer loop
      vertex 17.2021 14.7979 0
      vertex 17.3487 14.9651 3
      vertex 17.3487 14.9651 0
    endloop
  endfacet
  facet normal -0.751908 0.659268 0
    outer loop
      vertex 17.3487 14.9651 3
      vertex 17.2021 14.7979 0
      vertex 17.2021 14.7979 3
    endloop
  endfacet
  facet normal 0.751908 -0.659268 0
    outer loop
      vertex 14.6513 17.0349 3
      vertex 14.7979 17.2021 0
      vertex 14.7979 17.2021 3
    endloop
  endfacet
  facet normal 0.751908 -0.659268 0
    outer loop
      vertex 14.7979 17.2021 0
      vertex 14.6513 17.0349 3
      vertex 14.6513 17.0349 0
    endloop
  endfacet
  facet normal 0.831566 -0.555426 0
    outer loop
      vertex 14.5278 16.85 3
      vertex 14.6513 17.0349 0
      vertex 14.6513 17.0349 3
    endloop
  endfacet
  facet normal 0.831566 -0.555426 0
    outer loop
      vertex 14.6513 17.0349 0
      vertex 14.5278 16.85 3
      vertex 14.5278 16.85 0
    endloop
  endfacet
  facet normal 0.0652057 -0.997872 0
    outer loop
      vertex 15.7781 17.6855 0
      vertex 16 17.7 3
      vertex 15.7781 17.6855 3
    endloop
  endfacet
  facet normal 0.0652057 -0.997872 0
    outer loop
      vertex 16 17.7 3
      vertex 15.7781 17.6855 0
      vertex 16 17.7 0
    endloop
  endfacet
  facet normal 0.98077 0.195165 0
    outer loop
      vertex 14.3579 15.56 3
      vertex 14.3145 15.7781 0
      vertex 14.3145 15.7781 3
    endloop
  endfacet
  facet normal 0.98077 0.195165 0
    outer loop
      vertex 14.3145 15.7781 0
      vertex 14.3579 15.56 3
      vertex 14.3579 15.56 0
    endloop
  endfacet
  facet normal 0.321484 0.946915 -0
    outer loop
      vertex 15.56 14.3579 0
      vertex 15.3494 14.4294 3
      vertex 15.56 14.3579 3
    endloop
  endfacet
  facet normal 0.321484 0.946915 0
    outer loop
      vertex 15.3494 14.4294 3
      vertex 15.56 14.3579 0
      vertex 15.3494 14.4294 0
    endloop
  endfacet
  facet normal -0.946915 -0.321484 0
    outer loop
      vertex 17.6421 16.44 0
      vertex 17.5706 16.6506 3
      vertex 17.5706 16.6506 0
    endloop
  endfacet
  facet normal -0.946915 -0.321484 0
    outer loop
      vertex 17.5706 16.6506 3
      vertex 17.6421 16.44 0
      vertex 17.6421 16.44 3
    endloop
  endfacet
  facet normal 0.44253 0.896754 -0
    outer loop
      vertex 15.3494 14.4294 0
      vertex 15.15 14.5278 3
      vertex 15.3494 14.4294 3
    endloop
  endfacet
  facet normal 0.44253 0.896754 0
    outer loop
      vertex 15.15 14.5278 3
      vertex 15.3494 14.4294 0
      vertex 15.15 14.5278 0
    endloop
  endfacet
  facet normal 0.555426 0.831566 -0
    outer loop
      vertex 15.15 14.5278 0
      vertex 14.9651 14.6513 3
      vertex 15.15 14.5278 3
    endloop
  endfacet
  facet normal 0.555426 0.831566 0
    outer loop
      vertex 14.9651 14.6513 3
      vertex 15.15 14.5278 0
      vertex 14.9651 14.6513 0
    endloop
  endfacet
  facet normal 0.195165 0.98077 -0
    outer loop
      vertex 15.7781 14.3145 0
      vertex 15.56 14.3579 3
      vertex 15.7781 14.3145 3
    endloop
  endfacet
  facet normal 0.195165 0.98077 0
    outer loop
      vertex 15.56 14.3579 3
      vertex 15.7781 14.3145 0
      vertex 15.56 14.3579 0
    endloop
  endfacet
  facet normal 0.896754 -0.44253 0
    outer loop
      vertex 14.4294 16.6506 3
      vertex 14.5278 16.85 0
      vertex 14.5278 16.85 3
    endloop
  endfacet
  facet normal 0.896754 -0.44253 0
    outer loop
      vertex 14.5278 16.85 0
      vertex 14.4294 16.6506 3
      vertex 14.4294 16.6506 0
    endloop
  endfacet
  facet normal 0.0652057 0.997872 -0
    outer loop
      vertex 16 14.3 0
      vertex 15.7781 14.3145 3
      vertex 16 14.3 3
    endloop
  endfacet
  facet normal 0.0652057 0.997872 0
    outer loop
      vertex 15.7781 14.3145 3
      vertex 16 14.3 0
      vertex 15.7781 14.3145 0
    endloop
  endfacet
  facet normal 0.896754 0.44253 0
    outer loop
      vertex 14.5278 15.15 3
      vertex 14.4294 15.3494 0
      vertex 14.4294 15.3494 3
    endloop
  endfacet
  facet normal 0.896754 0.44253 0
    outer loop
      vertex 14.4294 15.3494 0
      vertex 14.5278 15.15 3
      vertex 14.5278 15.15 0
    endloop
  endfacet
  facet normal 0.997872 -0.0652057 0
    outer loop
      vertex 14.3 16 3
      vertex 14.3145 16.2219 0
      vertex 14.3145 16.2219 3
    endloop
  endfacet
  facet normal 0.997872 -0.0652057 0
    outer loop
      vertex 14.3145 16.2219 0
      vertex 14.3 16 3
      vertex 14.3 16 0
    endloop
  endfacet
  facet normal 0.98077 -0.195165 0
    outer loop
      vertex 14.3145 16.2219 3
      vertex 14.3579 16.44 0
      vertex 14.3579 16.44 3
    endloop
  endfacet
  facet normal 0.98077 -0.195165 0
    outer loop
      vertex 14.3579 16.44 0
      vertex 14.3145 16.2219 3
      vertex 14.3145 16.2219 0
    endloop
  endfacet
  facet normal 0.946915 -0.321484 0
    outer loop
      vertex 14.3579 16.44 3
      vertex 14.4294 16.6506 0
      vertex 14.4294 16.6506 3
    endloop
  endfacet
  facet normal 0.946915 -0.321484 0
    outer loop
      vertex 14.4294 16.6506 0
      vertex 14.3579 16.44 3
      vertex 14.3579 16.44 0
    endloop
  endfacet
  facet normal -0.659268 0.751908 0
    outer loop
      vertex 17.2021 14.7979 0
      vertex 17.0349 14.6513 3
      vertex 17.2021 14.7979 3
    endloop
  endfacet
  facet normal -0.659268 0.751908 0
    outer loop
      vertex 17.0349 14.6513 3
      vertex 17.2021 14.7979 0
      vertex 17.0349 14.6513 0
    endloop
  endfacet
  facet normal 1 -0 0
    outer loop
      vertex -8.2 -8.5 4
      vertex -8.2 8.5 0
      vertex -8.2 8.5 4
    endloop
  endfacet
  facet normal 1 0 0
    outer loop
      vertex -8.2 8.5 0
      vertex -8.2 -8.5 4
      vertex -8.2 -8.5 0
    endloop
  endfacet
  facet normal -1 0 0
    outer loop
      vertex 8.2 -8.5 0
      vertex 8.2 8.5 4
      vertex 8.2 8.5 0
    endloop
  endfacet
  facet normal -1 -0 0
    outer loop
      vertex 8.2 8.5 4
      vertex 8.2 -8.5 0
      vertex 8.2 -8.5 4
    endloop
  endfacet
endsolid OpenSCAD_Model
